URL,Product Name,Brand,Sale Price,MRP
https://in.puma.com/in/en/pd/skyrocket-lite-womens-running-shoes/312785?swatch=02,"Skyrocket Lite Women's Running Shoes, -30%",Puma,₹0,
https://in.puma.com/in/en/pd/galaxis-pro-womens-performance-boost-running-shoes/311839?swatch=03,"3 Colors, Galaxis Pro Women's Performance Boost Running Shoes, -30%, All-day-ease",Puma,₹0,
https://in.puma.com/in/en/pd/mayze-leather-womens-sneakers/381983?swatch=01,"2 Colors, Mayze Leather Women's Sneakers, -52%",Puma,₹0,
https://in.puma.com/in/en/pd/galaxis-pro-womens-performance-boost-running-shoes/311839?swatch=02,"3 Colors, Galaxis Pro Women's Performance Boost Running Shoes, -37%, ultra-comfort",Puma,₹0,
https://in.puma.com/in/en/pd/carina-slim-perf-womens-sneakers/395829?swatch=01,"2 Colors, Carina Slim Perf Women's Sneakers, -20%",Puma,₹0,
https://in.puma.com/in/en/pd/speedcat-ballet-lux-womens-metallic-leather-shoes/408197?swatch=01,"Speedcat Ballet Lux Women's Metallic Leather Shoes, New",Puma,₹0,
https://in.puma.com/in/en/pd/mayze-leather-womens-sneakers/381983?swatch=02,"2 Colors, Mayze Leather Women's Sneakers, -40%",Puma,₹0,
https://in.puma.com/in/en/pd/galaxis-pro-womens-performance-boost-running-shoes/311839?swatch=01,"3 Colors, Galaxis Pro Women's Performance Boost Running Shoes, -37%, ultra-comfort",Puma,₹0,
https://in.puma.com/in/en/pd/puma-quickblaze-womens-lightweight-running-shoes/312507?swatch=01,"PUMA QuickBlaze Women's Lightweight Running Shoes, -20%",Puma,₹0,
https://in.puma.com/in/en/pd/carina-slim-perf-womens-sneakers/395829?swatch=02,"2 Colors, Carina Slim Perf Women's Sneakers, -20%",Puma,₹0,
https://in.puma.com/in/en/pd/adelina-womens-ballerina-shoes/395002?swatch=01,"3 Colors, Adelina Women's Ballerina Shoes, -35%",Puma,₹0,
https://in.puma.com/in/en/pd/smashic-womens-comfort-casual-sneakers/395111?swatch=01,"3 Colors, Smashic Women's Comfort Casual Sneakers, -35%",Puma,₹0,
https://in.puma.com/in/en/pd/profoam-womens-running-shoes/312790?swatch=02,"2 Colors, ProFoam Women's Running Shoes, -52%",Puma,₹0,
https://in.puma.com/in/en/pd/carina-2-0-womens-sneakers/401345?swatch=02,"2 Colors, Carina 2.0 Women's Sneakers, -40%",Puma,₹0,
https://in.puma.com/in/en/pd/wave-womens-flip-flops/395845?swatch=03,"3 Colors, Wave Women's Flip-Flops, -40%",Puma,₹0,
https://in.puma.com/in/en/pd/carina-2-0-womens-sneakers/401345?swatch=01,"2 Colors, Carina 2.0 Women's Sneakers, -40%",Puma,₹0,
https://in.puma.com/in/en/pd/smashic-womens-comfort-casual-sneakers/395111?swatch=02,"3 Colors, Smashic Women's Comfort Casual Sneakers, -40%",Puma,₹0,
https://in.puma.com/in/en/pd/royalcat-comfort-softride-womens-slides/396711?swatch=05,"2 Colors, Royalcat Comfort SOFTRIDE Women's Slides, -25%",Puma,₹0,
https://in.puma.com/in/en/pd/speedcat-ballet-womens-metallic-shoes/401581?swatch=01,"Speedcat Ballet Women's Metallic Shoes, Trending",Puma,₹0,
https://in.puma.com/in/en/pd/puma-x-rose-speedcat-lea-womens-sneakers/404390?swatch=01,"PUMA x ROSÉ Speedcat Lea Women's Sneakers, special-edition",Puma,₹0,
https://in.puma.com/in/en/pd/magmax-nitro-womens-maximum-cushioning-running-shoes/310089?swatch=03,"4 Colors, MagMax NITRO™ Women's Maximum Cushioning Running Shoes",Puma,₹0,
https://in.puma.com/in/en/pd/magmax-nitro-womens-maximum-cushioning-running-shoes/310089?swatch=13,"4 Colors, MagMax NITRO™ Women's Maximum Cushioning Running Shoes",Puma,₹0,
https://in.puma.com/in/en/pd/deviate-nitro-3-womens-running-shoes/309708?swatch=19,"4 Colors, Deviate NITRO™ 3 Women's Running Shoes",Puma,₹0,
https://in.puma.com/in/en/pd/softride-frequence-street-running-shoes/311727?swatch=08,"3 Colors, Softride Frequence Street Running Shoes, -40%",Puma,₹0,
https://in.puma.com/in/en/pd/bmw-m-motorsport-drift-cat-decima-sneakers/309232?swatch=01,"2 Colors, BMW M Motorsport Drift Cat Decima Sneakers, -38%",Puma,₹0,
https://in.puma.com/in/en/pd/court-shatter-low-sneakers/399844?swatch=01,"5 Colors, Court Shatter Low Sneakers, -49%",Puma,₹0,
https://in.puma.com/in/en/pd/softride-frequence-street-running-shoes/311727?swatch=01,"3 Colors, Softride Frequence Street Running Shoes, -45%",Puma,₹0,
https://in.puma.com/in/en/pd/softride-carson-hands-free-sliptech-walking-shoes/311724?swatch=08,"4 Colors, Softride Carson Hands-free Sliptech Walking Shoes, -37%",Puma,₹0,
https://in.puma.com/in/en/pd/puma-x-sonic-the-hedgehog-inverse-shadow-shoes/403646?swatch=01,"PUMA x Sonic the Hedgehog Inverse Shadow Shoes, -20%",Puma,₹0,
https://in.puma.com/in/en/pd/club-kayzer-superior-cushioning-casual-shoes/402603?swatch=02,"3 Colors, Club Kayzer Superior Cushioning Casual Shoes, -20%",Puma,₹0,
https://in.puma.com/in/en/pd/bmw-m-motorsport-trinity-2-sneakers/309287?swatch=03,"2 Colors, BMW M Motorsport Trinity 2 Sneakers, -25%",Puma,₹0,
https://in.puma.com/in/en/pd/blktop-rider-suede-sneakers/392725?swatch=07,"4 Colors, Blktop Rider Suede Sneakers, -10%",Puma,₹0,
https://in.puma.com/in/en/pd/smashic-comfort-casual-sneakers/394371?swatch=02,"4 Colors, Smashic Comfort Casual Sneakers, -49%",Puma,₹0,
https://in.puma.com/in/en/pd/smashic-comfort-casual-sneakers/394371?swatch=01,"4 Colors, Smashic Comfort Casual Sneakers, -49%",Puma,₹0,
https://in.puma.com/in/en/pd/x-ray-2-square-retro-style-sneakers/402200?swatch=14,"5 Colors, X-Ray 2 Square Retro Style Sneakers, -47%",Puma,₹0,
https://in.puma.com/in/en/pd/court-shatter-low-sneakers/399844?swatch=02,"5 Colors, Court Shatter Low Sneakers, -35%",Puma,₹0,
https://in.puma.com/in/en/pd/leadcat-2-0-slides/395229?swatch=04,"5 Colors, Leadcat 2.0 Slides, -40%",Puma,₹0,
https://in.puma.com/in/en/pd/wave-flip-flops/390142?swatch=01,"6 Colors, Wave Flip-Flops, -42%",Puma,₹0,
https://in.puma.com/in/en/pd/badminton-smash-sprint-indoor-sports-shoes/109304?swatch=01,"4 Colors, Badminton Smash Sprint Indoor Sports Shoes, -45%",Puma,₹0,
https://in.puma.com/in/en/pd/softride-carson-hands-free-sliptech-walking-shoes/311724?swatch=09,"4 Colors, Softride Carson Hands-free Sliptech Walking Shoes, -37%",Puma,₹0,
https://in.puma.com/in/en/pd/softride-carson-hands-free-sliptech-walking-shoes/311724?swatch=10,"4 Colors, Softride Carson Hands-free Sliptech Walking Shoes, -37%",Puma,₹0,
https://in.puma.com/in/en/pd/bmw-m-motorsport-drift-cat-decima-sneakers/309232?swatch=02,"2 Colors, BMW M Motorsport Drift Cat Decima Sneakers, -38%",Puma,₹0,
https://in.puma.com/in/en/pd/bmw-m-motorsport-ca-pro-shoes/308959?swatch=01,"2 Colors, BMW M Motorsport CA Pro Shoes, -25%",Puma,₹0,
https://in.puma.com/in/en/pd/conduct-pro-lightweight-running-shoes/312076?swatch=07,"2 Colors, Conduct Pro Lightweight Running Shoes, -20%",Puma,₹0,
https://in.puma.com/in/en/pd/badminton-smash-sprint-indoor-sports-shoes/109304?swatch=02,"4 Colors, Badminton Smash Sprint Indoor Sports Shoes, -45%",Puma,₹0,
https://in.puma.com/in/en/pd/royalcat-comfort-slides/397694?swatch=01,"2 Colors, Royalcat Comfort Slides",Puma,₹0,
https://in.puma.com/in/en/pd/mayze-classic-womens-sneakers/384209?swatch=02,"Mayze Classic Women's Sneakers, -48%",Puma,₹0,
https://in.puma.com/in/en/pd/x-ray-2-square-retro-style-sneakers/402200?swatch=05,"5 Colors, X-Ray 2 Square Retro Style Sneakers, -47%",Puma,₹0,
https://in.puma.com/in/en/pd/royalcat-comfort-slides/397694?swatch=02,"2 Colors, Royalcat Comfort Slides",Puma,₹0,
https://in.puma.com/in/en/pd/bmw-m-motorsport-ca-pro-shoes/308959?swatch=02,"2 Colors, BMW M Motorsport CA Pro Shoes, -25%",Puma,₹0,
https://in.puma.com/in/en/pd/softride-frequence-street-running-shoes/311727?swatch=02,"3 Colors, Softride Frequence Street Running Shoes, -35%",Puma,₹0,
https://in.puma.com/in/en/pd/softride-enzo-evo-running-shoes/377048?swatch=01,"SOFTRIDE Enzo Evo Running Shoes, -25%",Puma,₹0,
https://in.puma.com/in/en/pd/leadcat-2-0-slides/395229?swatch=01,"5 Colors, Leadcat 2.0 Slides, -40%",Puma,₹0,
https://in.puma.com/in/en/pd/blktop-rider-suede-sneakers/392725?swatch=19,"4 Colors, Blktop Rider Suede Sneakers, -35%",Puma,₹0,
https://in.puma.com/in/en/pd/club-kayzer-superior-cushioning-casual-shoes/402603?swatch=07,"3 Colors, Club Kayzer Superior Cushioning Casual Shoes, -20%",Puma,₹0,
https://in.puma.com/in/en/pd/royalcat-comfort-softride-daze-womens-slides/397159?swatch=01,"3 Colors, Royalcat Comfort Softride Daze Women's Slides",Puma,₹0,
https://in.puma.com/in/en/pd/bmw-m-motorsport-trinity-2-sneakers/309287?swatch=04,"2 Colors, BMW M Motorsport Trinity 2 Sneakers, -25%",Puma,₹0,
https://in.puma.com/in/en/pd/wave-flip-flops/390142?swatch=06,"6 Colors, Wave Flip-Flops, -42%",Puma,₹0,
https://in.puma.com/in/en/pd/puma-softride-seave-platform-flip-flops/391864?swatch=02,"2 Colors, PUMA Softride Seave Platform Flip-Flops",Puma,₹0,
https://in.puma.com/in/en/pd/x-ray-2-square-retro-style-sneakers/402200?swatch=07,"5 Colors, X-Ray 2 Square Retro Style Sneakers, -47%",Puma,₹0,
https://in.puma.com/in/en/pd/blktop-rider-suede-sneakers/392725?swatch=02,"4 Colors, Blktop Rider Suede Sneakers, -10%",Puma,₹0,
https://in.puma.com/in/en/pd/blktop-rider-vibrant-womens-sneakers/397321?swatch=05,"Blktop Rider Vibrant Women's Sneakers, -10%",Puma,₹0,
https://in.puma.com/in/en/pd/inverse-parallel-rio-red-casual-sneakers/405820?swatch=01,"Inverse Parallel Rio Red Casual Sneakers, -20%",Puma,₹0,
https://in.puma.com/in/en/pd/puma-army-trainer-all-day-comfort-sneakers/402701?swatch=02,"2 Colors, PUMA Army Trainer All-Day Comfort Sneakers, -25%",Puma,₹0,
https://in.puma.com/in/en/pd/leadcat-2-0-slides/395229?swatch=06,"5 Colors, Leadcat 2.0 Slides, -35%",Puma,₹0,
https://in.puma.com/in/en/pd/conduct-pro-lightweight-running-shoes/312076?swatch=06,"2 Colors, Conduct Pro Lightweight Running Shoes, -10%",Puma,₹0,
https://in.puma.com/in/en/pd/softride-enzo-evo-running-shoes/312074?swatch=05,"4 Colors, Softride Enzo Evo Running Shoes, -20%",Puma,₹0,
https://in.puma.com/in/en/pd/softride-seave-sandals/391860?swatch=01,"2 Colors, SOFTRIDE Seave Sandals",Puma,₹0,
https://in.puma.com/in/en/pd/speedcat-og-sneakers/398846?swatch=01,"8 Colors, Speedcat OG Sneakers, Best Seller",Puma,₹0,
https://in.puma.com/in/en/pd/scuderia-ferrari-drift-cat-decima-2-0-motorsport-sneakers/308395?swatch=05,"Scuderia Ferrari Drift Cat Decima 2.0 Motorsport Sneakers, -25%",Puma,₹0,
https://in.puma.com/in/en/pd/palermo-sneakers/402692?swatch=06,"8 Colors, Palermo Sneakers, Re Stocked",Puma,₹0,
https://in.puma.com/in/en/pd/lafrance-rnr-sneakers/312165?swatch=01,"LaFrancé RNR Sneakers, -25%",Puma,₹0,
https://in.puma.com/in/en/pd/puma-x-ripndip-inverse-sneakers/403649?swatch=01,"PUMA x RIPNDIP Inverse Sneakers, -20%",Puma,₹0,
https://in.puma.com/in/en/pd/palermo-classic-comfort-low-boot-sneakers/402693?swatch=06,"4 Colors, Palermo Classic Comfort Low Boot Sneakers, -25%, SPECIAL PRICE",Puma,₹0,
https://in.puma.com/in/en/pd/badminton-smash-sprint-indoor-sports-shoes/109304?swatch=03,"4 Colors, Badminton Smash Sprint Indoor Sports Shoes, -45%",Puma,₹0,
https://in.puma.com/in/en/pd/mayze-lux-womens-sneakers/401261?swatch=03,"Mayze Lux Women's Sneakers, -48%",Puma,₹0,
https://in.puma.com/in/en/pd/porsche-legacy-leadcat-2-0-slides/308857?swatch=03,"2 Colors, Porsche Legacy Leadcat 2.0 Slides, -25%",Puma,₹0,
https://in.puma.com/in/en/pd/speedcat-og-sneakers/398846?swatch=02,"8 Colors, Speedcat OG Sneakers, Best Seller",Puma,₹0,
https://in.puma.com/in/en/pd/softride-seave-sandals/391860?swatch=07,"2 Colors, SOFTRIDE Seave Sandals",Puma,₹0,
https://in.puma.com/in/en/pd/blktop-rider-suede-sneakers/392725?swatch=06,"4 Colors, Blktop Rider Suede Sneakers, -10%",Puma,₹0,
https://in.puma.com/in/en/pd/wave-flip-flops/390142?swatch=04,"6 Colors, Wave Flip-Flops, -42%",Puma,₹0,
https://in.puma.com/in/en/pd/palermo-sneakers/402692?swatch=02,"8 Colors, Palermo Sneakers, restocked",Puma,₹0,
https://in.puma.com/in/en/pd/softride-pro-24-v-slides/401121?swatch=03,"2 Colors, Softride Pro 24 V Slides",Puma,₹0,
https://in.puma.com/in/en/pd/ascenso-sneakers/403307?swatch=01,"3 Colors, Ascenso Sneakers",Puma,₹0,
https://in.puma.com/in/en/pd/palermo-classic-comfort-low-boot-sneakers/402693?swatch=07,"4 Colors, Palermo Classic Comfort Low Boot Sneakers, -25%, SPECIAL PRICE",Puma,₹0,
https://in.puma.com/in/en/pd/royalcat-softride-thong-strap-womens-flip-flops/396472?swatch=01,"2 Colors, Royalcat Softride Thong-Strap Women's Flip Flops",Puma,₹0,
https://in.puma.com/in/en/pd/softride-enzo-evo-running-shoes/312074?swatch=01,"4 Colors, Softride Enzo Evo Running Shoes, -20%",Puma,₹0,
https://in.puma.com/in/en/pd/leadcat-2-0-slides/395229?swatch=02,"5 Colors, Leadcat 2.0 Slides, -30%",Puma,₹0,
https://in.puma.com/in/en/pd/popcat-20-shower-slides/391265?swatch=02,"2 Colors, Popcat 20 Shower Slides, -25%",Puma,₹0,
https://in.puma.com/in/en/pd/adelina-womens-ballerina-shoes/395002?swatch=07,"3 Colors, Adelina Women's Ballerina Shoes, -35%",Puma,₹0,
https://in.puma.com/in/en/pd/adelina-womens-ballerina-shoes/395002?swatch=04,"3 Colors, Adelina Women's Ballerina Shoes, -35%",Puma,₹0,
https://in.puma.com/in/en/pd/tori-pixie-femme-womens-casual-sneakers/404564?swatch=01,"3 Colors, Tori Pixie Femme Women's Casual Sneakers, -25%",Puma,₹0,
https://in.puma.com/in/en/pd/nova-court-high-traction-padel-tennis-shoes/108740?swatch=01,"NOVA Court High-Traction Padel-Tennis Shoes, -20%",Puma,₹0,
https://in.puma.com/in/en/pd/puma-x-represent-king-indoor-sneakers/403454?swatch=01,"PUMA x REPRESENT KING Indoor Sneakers, -20%",Puma,₹0,
https://in.puma.com/in/en/pd/palermo-sneakers/402692?swatch=01,"8 Colors, Palermo Sneakers, selling-fast",Puma,₹0,
https://in.puma.com/in/en/pd/speedcat-lux-suede-sneakers/408198?swatch=01,"2 Colors, Speedcat Lux Suede Sneakers, New",Puma,₹0,
https://in.puma.com/in/en/pd/galaxy-comfort-v4-flip-flops/388831?swatch=04,"2 Colors, Galaxy Comfort V4 Flip-Flops",Puma,₹0,
https://in.puma.com/in/en/pd/smashic-womens-comfort-casual-sneakers/395111?swatch=04,"3 Colors, Smashic Women's Comfort Casual Sneakers, -35%",Puma,₹0,
https://in.puma.com/in/en/pd/galaxy-comfort-v4-flip-flops/388831?swatch=01,"2 Colors, Galaxy Comfort V4 Flip-Flops",Puma,₹0,
https://in.puma.com/in/en/pd/softride-premier-glideknit-walking-shoes/312706?swatch=04,"3 Colors, Softride Premier GlideKnit Walking Shoes, -20%",Puma,₹0,
https://in.puma.com/in/en/pd/royalcat-softride-thong-strap-womens-flip-flops/396472?swatch=02,"2 Colors, Royalcat Softride Thong-Strap Women's Flip Flops",Puma,₹0,
https://in.puma.com/in/en/pd/softride-pro-24-v-slides/401121?swatch=01,"2 Colors, Softride Pro 24 V Slides, -30%",Puma,₹0,
https://in.puma.com/in/en/pd/speedcat-faded-sneakers/403688?swatch=03,"3 Colors, Speedcat Faded Sneakers",Puma,₹0,
https://in.puma.com/in/en/pd/conduct-pro-womens-running-shoes/312087?swatch=05,"2 Colors, Conduct Pro Women’s Running Shoes, -10%",Puma,₹0,
https://in.puma.com/in/en/pd/mostro-metal-sneakers/403188?swatch=01,"Mostro Metal Sneakers, -25%",Puma,₹0,
https://in.puma.com/in/en/pd/badminton-smash-sprint-indoor-sports-shoes/109304?swatch=04,"4 Colors, Badminton Smash Sprint Indoor Sports Shoes, -45%",Puma,₹0,
https://in.puma.com/in/en/pd/the-dagger-basketball-shoes/311353?swatch=15,"5 Colors, The Dagger Basketball Shoes, -25%",Puma,₹0,
https://in.puma.com/in/en/pd/x--ray-airflex-womens-sneakers/399810?swatch=03,"3 Colors, X- Ray Airflex Women's Sneakers",Puma,₹0,
https://in.puma.com/in/en/pd/ascenso-sneakers/403307?swatch=04,"3 Colors, Ascenso Sneakers",Puma,₹0,
https://in.puma.com/in/en/pd/softride-enzo-evo-womens-lightweight-running-shoes/312084?swatch=05,"4 Colors, Softride Enzo Evo Women's Lightweight Running Shoes, -20%",Puma,₹0,
https://in.puma.com/in/en/pd/puma-x-lamelo-ball-mb-05-metallic-basketball-shoes/312480?swatch=01,PUMA x LAMELO BALL MB.05 Metallic Basketball Shoes,Puma,₹0,
https://in.puma.com/in/en/pd/softride-enzo-evo-womens-lightweight-running-shoes/312084?swatch=04,"4 Colors, Softride Enzo Evo Women's Lightweight Running Shoes, -20%",Puma,₹0,
https://in.puma.com/in/en/pd/pwr-nitro-sqd-2-womens-training-shoes/310147?swatch=14,"3 Colors, PWR NITRO™ SQD 2 Women's Training Shoes",Puma,₹0,
https://in.puma.com/in/en/pd/scuderia-ferrari-palermo-sneakers/308899?swatch=01,"2 Colors, Scuderia Ferrari Palermo Sneakers",Puma,₹0,
https://in.puma.com/in/en/pd/palermo-sneakers/402692?swatch=11,"8 Colors, Palermo Sneakers",Puma,₹0,
https://in.puma.com/in/en/pd/tori-pixie-femme-womens-casual-sneakers/404564?swatch=03,"3 Colors, Tori Pixie Femme Women's Casual Sneakers, -25%",Puma,₹0,
https://in.puma.com/in/en/pd/bmw-m-motorsport-electron-e-pro-sneakers/308960?swatch=02,"2 Colors, BMW M Motorsport Electron E Pro Sneakers",Puma,₹0,
https://in.puma.com/in/en/pd/popcat-20-shower-slides/391265?swatch=01,"2 Colors, Popcat 20 Shower Slides, -25%",Puma,₹0,
https://in.puma.com/in/en/pd/puma-army-trainer-all-day-comfort-sneakers/402701?swatch=01,"2 Colors, PUMA Army Trainer All-Day Comfort Sneakers, -25%",Puma,₹0,
https://in.puma.com/in/en/pd/bmw-m-motorsport-softride-2-0-slides/309171?swatch=01,BMW M Motorsport Softride 2.0 Slides,Puma,₹0,
https://in.puma.com/in/en/pd/puma-x-rose-speedcat-womens-sneakers/404391?swatch=01,"PUMA x ROSÉ Speedcat Women's Sneakers, special-edition",Puma,₹0,
https://in.puma.com/in/en/pd/mostro-og-sneakers/397330?swatch=17,"4 Colors, Mostro OG Sneakers, -25%",Puma,₹0,
https://in.puma.com/in/en/pd/bmw-m-motorsport-drift-cat-11-sneakers/308614?swatch=01,"2 Colors, BMW M Motorsport Drift Cat 11 Sneakers",Puma,₹0,
https://in.puma.com/in/en/pd/deviate-nitro-3-hyrox-womens-max-cushion-running-shoes/312294?swatch=01,Deviate NITRO 3 HYROX Women's Max Cushion Running Shoes,Puma,₹0,
https://in.puma.com/in/en/pd/pwr-hybrid-womens-training-shoes/310477?swatch=13,"2 Colors, PWR Hybrid Women's Training Shoes, -20%",Puma,₹0,
https://in.puma.com/in/en/pd/mb-05-rick--morty-basketball-shoes/312130?swatch=01,MB.05 Rick & Morty Basketball Shoes,Puma,₹0,
https://in.puma.com/in/en/pd/speedcat-faded-sneakers/403688?swatch=04,"3 Colors, Speedcat Faded Sneakers, -25%, SPECIAL PRICE",Puma,₹0,
https://in.puma.com/in/en/pd/inhale-smile-sneakers/402589?swatch=03,"2 Colors, Inhale Smile Sneakers, -20%",Puma,₹0,
https://in.puma.com/in/en/pd/majesty-points-in-the-paint-sneakers/312562?swatch=01,"Majesty Points in the Paint Sneakers, -10%",Puma,₹0,
https://in.puma.com/in/en/pd/speedcat-og-sneakers/398846?swatch=04,"8 Colors, Speedcat OG Sneakers",Puma,₹0,
https://in.puma.com/in/en/pd/cell-fraction-forcefusion-running-shoes/312674?swatch=05,"2 Colors, Cell Fraction ForceFusion Running Shoes, -20%",Puma,₹0,
https://in.puma.com/in/en/pd/bmw-motorsport-caven-2-0-sneakers/309174?swatch=01,"2 Colors, BMW Motorsport Caven 2.0 Sneakers",Puma,₹0,
https://in.puma.com/in/en/pd/puma-x-sonic-the-hedgehog-inverse-tails-shoes/404364?swatch=01,"PUMA x Sonic the Hedgehog Inverse Tails Shoes, -20%",Puma,₹0,
https://in.puma.com/in/en/pd/softride-seave-v1-flip-flops/391841?swatch=07,"2 Colors, SOFTRIDE Seave V1 Flip-Flops",Puma,₹0,
https://in.puma.com/in/en/pd/speedcat-full-leather-sneakers/405449?swatch=02,"2 Colors, Speedcat Full Leather Sneakers, -25%, SPECIAL PRICE",Puma,₹0,
https://in.puma.com/in/en/pd/x-cell-nova-fs-running-shoes/310936?swatch=01,"2 Colors, X-Cell Nova FS Running Shoes, -25%",Puma,₹0,
https://in.puma.com/in/en/pd/speedcat-og-sneakers/398846?swatch=43,"8 Colors, Speedcat OG Sneakers, -25%, SPECIAL PRICE",Puma,₹0,
https://in.puma.com/in/en/pd/king-indoor-sneakers/401683?swatch=01,"5 Colors, King Indoor Sneakers, -25%",Puma,₹0,
https://in.puma.com/in/en/pd/lafrance-rnr-basketball-shoes/312274?swatch=02,"3 Colors, LaFrancé RNR Basketball Shoes",Puma,₹0,
https://in.puma.com/in/en/pd/softride-mayve-womens-running-shoes/310160?swatch=03,"2 Colors, SOFTRIDE Mayve Women's Running Shoes",Puma,₹0,
https://in.puma.com/in/en/pd/flymo-injex-flip-flops/399101?swatch=02,"3 Colors, Flymo Injex Flip-Flops",Puma,₹0,
https://in.puma.com/in/en/pd/royalcat-comfort-softride-daze-womens-slides/397159?swatch=05,"3 Colors, Royalcat Comfort Softride Daze Women's Slides",Puma,₹0,
https://in.puma.com/in/en/pd/accelerate-nitro-sqd-indoor-shoes/109258?swatch=01,Accelerate NITRO™ SQD Indoor Shoes,Puma,₹0,
https://in.puma.com/in/en/pd/inhale-mens-sneakers/401560?swatch=21,"5 Colors, Inhale Men's Sneakers, -25%",Puma,₹0,
https://in.puma.com/in/en/pd/speedcat-pearlized-womens-ballet-shoes/404264?swatch=01,Speedcat Pearlized Women's Ballet Shoes,Puma,₹0,
https://in.puma.com/in/en/pd/royalcat-memory-foam-slides/396064?swatch=04,"2 Colors, Royalcat Memory Foam Slides",Puma,₹0,
https://in.puma.com/in/en/pd/conduct-pro-womens-running-shoes/312087?swatch=04,"2 Colors, Conduct Pro Women’s Running Shoes, -10%",Puma,₹0,
https://in.puma.com/in/en/pd/magnify-nitro-3-high-cushion-performance-womens-running-shoes/311047?swatch=06,"3 Colors, Magnify NITRO™ 3 High Cushion Performance Women's Running Shoes, -25%, SPECIAL PRICE",Puma,₹0,
https://in.puma.com/in/en/pd/palermo-sneakers/402692?swatch=05,"8 Colors, Palermo Sneakers",Puma,₹0,
https://in.puma.com/in/en/pd/softride-seave-v1-flip-flops/391841?swatch=06,"2 Colors, SOFTRIDE Seave V1 Flip-Flops",Puma,₹0,
https://in.puma.com/in/en/pd/accelerate-nitro-sqd-untamed-indoor-shoes/109257?swatch=01,Accelerate NITRO™ SQD UNTAMED Indoor Shoes,Puma,₹0,
https://in.puma.com/in/en/pd/v-s2-tekno-sneakers/403640?swatch=01,"V-S2 Tekno Sneakers, -20%",Puma,₹0,
https://in.puma.com/in/en/pd/cell-fraction-forcefusion-running-shoes/312674?swatch=04,"2 Colors, Cell Fraction ForceFusion Running Shoes, -20%",Puma,₹0,
https://in.puma.com/in/en/pd/inhale-sonic-casual-sneakers/404366?swatch=01,"Inhale SONIC Casual Sneakers, -25%",Puma,₹0,
https://in.puma.com/in/en/pd/speedcat-suede-cafe-womens-ballet-shoes/406758?swatch=01,"2 Colors, Speedcat Suede Cafe Women's Ballet Shoes, Exclusive",Puma,₹0,
https://in.puma.com/in/en/pd/palermo-sneakers/402692?swatch=08,"8 Colors, Palermo Sneakers",Puma,₹0,
https://in.puma.com/in/en/pd/speedcat-sneakers/406329?swatch=53,"3 Colors, Speedcat Sneakers, -25%, SPECIAL PRICE",Puma,₹0,
https://in.puma.com/in/en/pd/speedcat-sneakers/406329?swatch=55,"3 Colors, Speedcat Sneakers, -25%, SPECIAL PRICE",Puma,₹0,
https://in.puma.com/in/en/pd/lafrance-rnr-basketball-shoes/312274?swatch=01,"3 Colors, LaFrancé RNR Basketball Shoes, -25%",Puma,₹0,
https://in.puma.com/in/en/pd/deviate-nitro-3-womens-running-shoes/309708?swatch=22,"4 Colors, Deviate NITRO™ 3 Women's Running Shoes",Puma,₹0,
https://in.puma.com/in/en/pd/palermo-sneakers/402692?swatch=09,"8 Colors, Palermo Sneakers",Puma,₹0,
https://in.puma.com/in/en/pd/all-pro-nitro-2-puma-x-e-t--basketball-shoes/312313?swatch=01,All-Pro NITRO™ 2 PUMA x E.T. Basketball Shoes,Puma,₹0,
https://in.puma.com/in/en/pd/palermo-sneakers/402692?swatch=07,"8 Colors, Palermo Sneakers",Puma,₹0,
https://in.puma.com/in/en/pd/cirque-slip-on-womens-shoes/311846?swatch=03,Cirque Slip-On Women's Shoes,Puma,₹0,
https://in.puma.com/in/en/pd/puma-x-aston-martin-aramco-f1-team-drift-cat-11-motorsport-sneakers/309105?swatch=01,"2 Colors, PUMA x ASTON MARTIN ARAMCO F1® TEAM Drift Cat 11 Motorsport Sneakers",Puma,₹0,
https://in.puma.com/in/en/pd/royalcat-softride-lumina-womens-flip-flops/399420?swatch=05,"2 Colors, Royalcat Softride Lumina Women's Flip-Flops",Puma,₹0,
https://in.puma.com/in/en/pd/king-indoor-sneakers/401683?swatch=11,"5 Colors, King Indoor Sneakers, -20%",Puma,₹0,
https://in.puma.com/in/en/pd/x-cell-nova-fs-running-shoes/310936?swatch=02,"2 Colors, X-Cell Nova FS Running Shoes, -25%",Puma,₹0,
https://in.puma.com/in/en/pd/rs-x-soft-womens-sneakers/404933?swatch=01,"2 Colors, RS-X Soft Women's Sneakers, -20%",Puma,₹0,
https://in.puma.com/in/en/pd/bmw-m-motorsport-leadcat-2-0-logo-slip-ons/309237?swatch=02,"2 Colors, BMW M Motorsport Leadcat 2.0 Logo Slip-ons",Puma,₹0,
https://in.puma.com/in/en/pd/speedcat-og-sneakers/398846?swatch=56,"8 Colors, Speedcat OG Sneakers, -25%, SPECIAL PRICE",Puma,₹0,
https://in.puma.com/in/en/pd/rs-x-soft-womens-sneakers/404933?swatch=02,"2 Colors, RS-X Soft Women's Sneakers, -20%",Puma,₹0,
https://in.puma.com/in/en/pd/velocity-nitro-4-womens-high-cushion-running-shoes/311141?swatch=10,"3 Colors, Velocity NITRO 4 Women's High Cushion Running Shoes",Puma,₹0,
https://in.puma.com/in/en/pd/softride-frequence-running-shoes/310500?swatch=15,"2 Colors, SOFTRIDE Frequence Running Shoes",Puma,₹0,
https://in.puma.com/in/en/pd/cell-thrill-womens-comfort-running-shoes/312086?swatch=02,"2 Colors, Cell Thrill Women's Comfort Running Shoes",Puma,₹0,
https://in.puma.com/in/en/pd/lafrance-rnr-basketball-shoes/312274?swatch=03,"3 Colors, LaFrancé RNR Basketball Shoes",Puma,₹0,
https://in.puma.com/in/en/pd/puma-x-ripndip-inhale-sneakers/403648?swatch=01,"PUMA x RIPNDIP Inhale Sneakers, -20%",Puma,₹0,
https://in.puma.com/in/en/pd/suede-moccasin-casual-sneakers/401035?swatch=02,"2 Colors, Suede Moccasin Casual Sneakers",Puma,₹0,
https://in.puma.com/in/en/pd/mostro-sneakers/403812?swatch=04,"4 Colors, Mostro Sneakers, -25%",Puma,₹0,
https://in.puma.com/in/en/pd/suede-classic-sneakers/399781?swatch=02,"5 Colors, Suede Classic Sneakers, Free Laces",Puma,₹0,
https://in.puma.com/in/en/pd/x--ray-airflex-womens-sneakers/399810?swatch=01,"3 Colors, X- Ray Airflex Women's Sneakers",Puma,₹0,
https://in.puma.com/in/en/pd/palermo-moda-womens-leather-sneakers/397738?swatch=02,"2 Colors, Palermo Moda Women's Leather Sneakers",Puma,₹0,
https://in.puma.com/in/en/pd/all-pro-nitro-2-basketball-shoes/312307?swatch=03,"2 Colors, All-Pro NITRO™ 2 Basketball Shoes",Puma,₹0,
https://in.puma.com/in/en/pd/palermo-elevata-womens-leather-sneakers/400461?swatch=04,"3 Colors, Palermo Elevata Women's Leather Sneakers",Puma,₹0,
https://in.puma.com/in/en/pd/softride-pegasi-knit-womens-slip-on-shoes/310651?swatch=04,"Softride Pegasi Knit Women's Slip-On Shoes, -10%",Puma,₹0,
https://in.puma.com/in/en/pd/magnify-nitro-3-high-cushion-performance-womens-running-shoes/311047?swatch=07,"3 Colors, Magnify NITRO™ 3 High Cushion Performance Women's Running Shoes, -25%, SPECIAL PRICE",Puma,₹0,
https://in.puma.com/in/en/pd/palermo-moda-ethereal-womens-sneakers/403375?swatch=02,Palermo Moda Ethereal Women's Sneakers,Puma,₹0,
https://in.puma.com/in/en/pd/ralph-sampson-lo-sneakers/370846?swatch=11,"Ralph Sampson Lo Sneakers, -48%",Puma,₹0,
https://in.puma.com/in/en/pd/cali-court-luxe-womens-sneakers/401281?swatch=01,"Cali Court Luxe Women's Sneakers, -25%",Puma,₹0,
https://in.puma.com/in/en/pd/accelerate-nitro-sqd-womens-high-rebound-indoor-shoes/108444?swatch=01,Accelerate NITRO SQD Women's High-Rebound Indoor Shoes,Puma,₹0,
https://in.puma.com/in/en/pd/softride-seave-aquaterra-lightweight-sandal/404540?swatch=02,"2 Colors, Softride Seave Aquaterra Lightweight Sandal",Puma,₹0,
https://in.puma.com/in/en/pd/palermo-premium-leather-sneakers/406000?swatch=01,"2 Colors, Palermo Premium Leather Sneakers",Puma,₹0,
https://in.puma.com/in/en/pd/skyrocket-lite-ultra-lightweight-running-shoes/313354?swatch=01,"Skyrocket Lite Ultra Lightweight Running Shoes, -10%",Puma,₹0,
https://in.puma.com/in/en/pd/speedcat-plus-sneakers/402995?swatch=03,"3 Colors, Speedcat Plus Sneakers, -25%, SPECIAL PRICE",Puma,₹0,
https://in.puma.com/in/en/pd/accelerate-nitro-sqd-untmd-handball-shoes/108415?swatch=01,Accelerate NITRO™ SQD UNTMD Handball Shoes,Puma,₹0,
https://in.puma.com/in/en/pd/speedcat-plus-leather-sneakers/404376?swatch=01,"Speedcat Plus Leather Sneakers, -25%, SPECIAL PRICE",Puma,₹0,
https://in.puma.com/in/en/pd/style-rider-lumi-womens-colorblock-sneakers/405728?swatch=01,"Style Rider Lumi Women's Colorblock Sneakers, -20%",Puma,₹0,
https://in.puma.com/in/en/pd/mostro-og-sneakers/397330?swatch=15,"4 Colors, Mostro OG Sneakers, -25%",Puma,₹0,
https://in.puma.com/in/en/pd/speedcat-elevated-womens-sneakers/403619?swatch=01,"2 Colors, Speedcat Elevated Women's Sneakers",Puma,₹0,
https://in.puma.com/in/en/pd/speedcat-og-sneakers/398846?swatch=50,"8 Colors, Speedcat OG Sneakers, -25%, SPECIAL PRICE",Puma,₹0,
https://in.puma.com/in/en/pd/majesty-dylan-verse-sneakers/403960?swatch=01,"Majesty Dylan Verse Sneakers, -10%",Puma,₹0,
https://in.puma.com/in/en/pd/mostro-kreature-sneakers/403630?swatch=01,"Mostro Kreature Sneakers, -25%",Puma,₹0,
https://in.puma.com/in/en/pd/cell-thrill-womens-comfort-running-shoes/312086?swatch=01,"2 Colors, Cell Thrill Women's Comfort Running Shoes",Puma,₹0,
https://in.puma.com/in/en/pd/king-indoor-sneakers/401683?swatch=13,"5 Colors, King Indoor Sneakers, -20%",Puma,₹0,
https://in.puma.com/in/en/pd/foreverrun-nitro-2-womens-running-shoes/310471?swatch=16,"2 Colors, ForeverRun NITRO™ 2 Women's Running Shoes",Puma,₹0,
https://in.puma.com/in/en/pd/royalcat-comfort-softride-daze-womens-slides/397159?swatch=04,"3 Colors, Royalcat Comfort Softride Daze Women's Slides",Puma,₹0,
https://in.puma.com/in/en/pd/velocity-nitro-4-hyrox-womens-running-shoes/311912?swatch=01,Velocity NITRO™ 4 HYROX Women's Running Shoes,Puma,₹0,
https://in.puma.com/in/en/pd/mostro-og-sneakers/397330?swatch=11,"4 Colors, Mostro OG Sneakers, -25%",Puma,₹0,
https://in.puma.com/in/en/pd/all-pro-nitro-2-basketball-shoes/312307?swatch=04,"2 Colors, All-Pro NITRO™ 2 Basketball Shoes",Puma,₹0,
https://in.puma.com/in/en/pd/puma-x-aston-martin-aramco-f1-team-inverse-mens-sneakers/309110?swatch=01,"2 Colors, PUMA x ASTON MARTIN ARAMCO F1® TEAM Inverse Men's Sneakers",Puma,₹0,
https://in.puma.com/in/en/pd/propio-nitro-womens-running-shoes/311429?swatch=06,"Propio NITRO™ Women's Running Shoes, -25%, SPECIAL PRICE",Puma,₹0,
https://in.puma.com/in/en/pd/speedcat-zebra-womens-sneakers/403356?swatch=01,"Speedcat Zebra Women's Sneakers, -25%, SPECIAL PRICE",Puma,₹0,
https://in.puma.com/in/en/pd/speedcat-lux-suede-sneakers/408198?swatch=02,"2 Colors, Speedcat Lux Suede Sneakers",Puma,₹0,
https://in.puma.com/in/en/pd/speedcat-seoul-womens-sneakers/403809?swatch=01,"Speedcat Seoul Women's Sneakers, -25%, SPECIAL PRICE",Puma,₹0,
https://in.puma.com/in/en/pd/palermo-elevata-womens-leather-sneakers/400461?swatch=01,"3 Colors, Palermo Elevata Women's Leather Sneakers",Puma,₹0,
https://in.puma.com/in/en/pd/speedcat-paris-womens-sneakers/403810?swatch=01,"Speedcat Paris Women's Sneakers, -25%, SPECIAL PRICE",Puma,₹0,
https://in.puma.com/in/en/pd/magmax-nitro-womens-maximum-cushioning-running-shoes/310089?swatch=12,"4 Colors, MagMax NITRO™ Women's Maximum Cushioning Running Shoes",Puma,₹0,
https://in.puma.com/in/en/pd/palermo-moda-womens-leather-sneakers/397738?swatch=01,"2 Colors, Palermo Moda Women's Leather Sneakers",Puma,₹0,
https://in.puma.com/in/en/pd/suede-charles-f--stead-iv-sneakers/403766?swatch=02,Suede Charles F. Stead IV Sneakers,Puma,₹0,
https://in.puma.com/in/en/pd/softride-frequence-womens-running-shoes/310556?swatch=07,SOFTRIDE Frequence Women's Running Shoes,Puma,₹0,
https://in.puma.com/in/en/pd/flexpro-womens-sneakers/398976?swatch=01,"FlexPro Women's Sneakers, -20%",Puma,₹0,
https://in.puma.com/in/en/pd/nova-elite-womens-padel-boots/108289?swatch=01,"NOVA Elite Women's Padel Boots, -10%",Puma,₹0,
https://in.puma.com/in/en/pd/deviate-nitro-3-wide-womens-running-shoes/378450?swatch=05,"Deviate NITRO™ 3 WIDE Women's Running Shoes, fits-broad-feet",Puma,₹0,
https://in.puma.com/in/en/pd/brasil-retro-look-everyday-sneakers/401048?swatch=07,"Brasil Retro Look Everyday Sneakers, -20%",Puma,₹0,
https://in.puma.com/in/en/pd/elevata-gentle-meld-womens-palermo-sneakers/403344?swatch=01,"2 Colors, Elevata Gentle Meld Women's Palermo Sneakers",Puma,₹0,
https://in.puma.com/in/en/pd/foreverrun-nitro-2-womens-running-shoes/310471?swatch=15,"2 Colors, ForeverRun NITRO™ 2 Women's Running Shoes",Puma,₹0,
https://in.puma.com/in/en/pd/deviate-nitro-3-womens-running-shoes/309708?swatch=20,"4 Colors, Deviate NITRO™ 3 Women's Running Shoes",Puma,₹0,
https://in.puma.com/in/en/pd/pwr-nitro-sqd-2-womens-training-shoes/310147?swatch=13,"3 Colors, PWR NITRO™ SQD 2 Women's Training Shoes",Puma,₹0,
https://in.puma.com/in/en/pd/elevata-gentle-meld-womens-palermo-sneakers/403344?swatch=02,"2 Colors, Elevata Gentle Meld Women's Palermo Sneakers",Puma,₹0,
https://in.puma.com/in/en/pd/magnify-nitro-3-high-cushion-performance-womens-running-shoes/311047?swatch=04,"3 Colors, Magnify NITRO™ 3 High Cushion Performance Women's Running Shoes, -25%, SPECIAL PRICE",Puma,₹0,
https://in.puma.com/in/en/pd/foreverrun-nitro-2-womens-stability-running-shoes/313364?swatch=01,ForeverRun NITRO 2 Women's Stability Running Shoes,Puma,₹0,
https://in.puma.com/in/en/pd/velocity-nitro-4-womens-high-cushion-running-shoes/311141?swatch=03,"3 Colors, Velocity NITRO 4 Women's High Cushion Running Shoes",Puma,₹0,
https://in.puma.com/in/en/pd/foreverrun-nitro-2-wide-womens-running-shoes/311051?swatch=01,ForeverRun NITRO™ 2 Wide Women's Running Shoes,Puma,₹0,
https://in.puma.com/in/en/pd/future-rider-twofold-sneakers/380591?swatch=07,"Future Rider Twofold Sneakers, -40%",Puma,₹0,
https://in.puma.com/in/en/pd/rs-x3-wh-sneakers/373308?swatch=01,"RS-X³ WH Sneakers, -48%",Puma,₹0,
https://in.puma.com/in/en/pd/rs-x-toys-sneakers/369449?swatch=24,"2 Colors, RS-X Toys Sneakers, -48%",Puma,₹0,
https://in.puma.com/in/en/pd/fenty-x-puma-avanti-l-sneakers/398352?swatch=01,"3 Colors, FENTY x PUMA AVANTI L Sneakers, FLASH SALE",Puma,₹0,
https://in.puma.com/in/en/pd/fenty-x-puma-avanti-l-sneakers/398352?swatch=02,"3 Colors, FENTY x PUMA AVANTI L Sneakers, FLASH SALE",Puma,₹0,
https://in.puma.com/in/en/pd/bmw-motorsport-caven-2-0-sneakers/309174?swatch=02,"2 Colors, BMW Motorsport Caven 2.0 Sneakers",Puma,₹0,
https://in.puma.com/in/en/pd/lex-womens-training-shoes/376211?swatch=08,"Lex Women's Training Shoes, -20%",Puma,₹0,
https://in.puma.com/in/en/pd/x-cell-nova-cat-womens-everyday-running-shoes/310686?swatch=11,"2 Colors, X-Cell Nova CAT Women's Everyday Running Shoes, -25%",Puma,₹0,
https://in.puma.com/in/en/pd/speedcat-plus-sneakers/402995?swatch=04,"3 Colors, Speedcat Plus Sneakers, -25%, SPECIAL PRICE",Puma,₹0,
https://in.puma.com/in/en/pd/arizona-retro-premium-suede-sneakers/402353?swatch=08,"4 Colors, Arizona Retro Premium Suede Sneakers, -10%",Puma,₹0,
https://in.puma.com/in/en/pd/suede-classic-sneakers/399781?swatch=15,"5 Colors, Suede Classic Sneakers",Puma,₹0,
https://in.puma.com/in/en/pd/inhale-mens-sneakers/401560?swatch=19,"5 Colors, Inhale Men's Sneakers, -25%",Puma,₹0,
https://in.puma.com/in/en/pd/bmw-m-motorsport-electron-e-pro-sneakers/308960?swatch=01,"2 Colors, BMW M Motorsport Electron E Pro Sneakers",Puma,₹0,
https://in.puma.com/in/en/pd/puma-x-ripndip-suede-xl-sneakers/403651?swatch=01,PUMA x RIPNDIP Suede XL Sneakers,Puma,₹0,
https://in.puma.com/in/en/pd/court-point-vulc-perf-v2-sneakers/363685?swatch=01,"Court Point Vulc Perf V2 Sneakers, -48%",Puma,₹0,
https://in.puma.com/in/en/pd/puma-x-aston-martin-aramco-f1-team-inverse-mens-sneakers/309110?swatch=02,"2 Colors, PUMA x ASTON MARTIN ARAMCO F1® TEAM Inverse Men's Sneakers",Puma,₹0,
https://in.puma.com/in/en/pd/pwr-nitro-sqd-2-training-shoes/310150?swatch=17,"3 Colors, PWR NITRO™ SQD 2 Training Shoes, -10%",Puma,₹0,
https://in.puma.com/in/en/pd/inhale-mens-sneakers/401560?swatch=18,"5 Colors, Inhale Men's Sneakers, -25%",Puma,₹0,
https://in.puma.com/in/en/pd/punch-comfort-sneakers/396129?swatch=01,Punch Comfort Sneakers,Puma,₹0,
https://in.puma.com/in/en/pd/bmw-m-motorsport-drift-cat-11-sneakers/308614?swatch=02,"2 Colors, BMW M Motorsport Drift Cat 11 Sneakers",Puma,₹0,
https://in.puma.com/in/en/pd/inhale-smile-sneakers/402589?swatch=01,"2 Colors, Inhale Smile Sneakers, -20%",Puma,₹0,
https://in.puma.com/in/en/pd/scuderia-ferrari-drift-cat-11-mens-sneakers/308613?swatch=04,"2 Colors, Scuderia Ferrari Drift Cat 11 Men's Sneakers, -25%",Puma,₹0,
https://in.puma.com/in/en/pd/royalcat-memory-foam-slides/396064?swatch=01,"2 Colors, Royalcat Memory Foam Slides",Puma,₹0,
https://in.puma.com/in/en/pd/inverse-shades-of-sneakers/402344?swatch=02,"Inverse Shades Of Sneakers, -20%",Puma,₹0,
https://in.puma.com/in/en/pd/mostro-unisex-sneakers/397331?swatch=01,"2 Colors, Mostro Unisex Sneakers, -25%",Puma,₹0,
https://in.puma.com/in/en/pd/flymo-injex-womens-anti-slip-flip-flops/397151?swatch=03,"2 Colors, Flymo Injex Women's Anti-Slip Flip-Flops",Puma,₹0,
https://in.puma.com/in/en/pd/palermo-premium-leather-sneakers/406000?swatch=02,"2 Colors, Palermo Premium Leather Sneakers",Puma,₹0,
https://in.puma.com/in/en/pd/mostro-og-prime-sneakers/403206?swatch=04,"8 Colors, Mostro OG Prime Sneakers, -25%",Puma,₹0,
https://in.puma.com/in/en/pd/inhale-mens-sneakers/401560?swatch=20,"5 Colors, Inhale Men's Sneakers, -25%",Puma,₹0,
https://in.puma.com/in/en/pd/court-classic-lux-sneakers/404703?swatch=01,"2 Colors, Court Classic Lux Sneakers, -25%",Puma,₹0,
https://in.puma.com/in/en/pd/inhale-mens-sneakers/401560?swatch=15,"5 Colors, Inhale Men's Sneakers, -25%",Puma,₹0,
https://in.puma.com/in/en/pd/bmw-m-motorsport-a3rokart-mid-sneakers/308235?swatch=03,"2 Colors, BMW M Motorsport A3rokart Mid Sneakers",Puma,₹0,
https://in.puma.com/in/en/pd/suede-classic-sneakers/399781?swatch=01,"5 Colors, Suede Classic Sneakers, Free Laces",Puma,₹0,
https://in.puma.com/in/en/pd/scuderia-ferrari-palermo-sneakers/308899?swatch=03,"2 Colors, Scuderia Ferrari Palermo Sneakers",Puma,₹0,
https://in.puma.com/in/en/pd/majesty-leather-sneakers/312617?swatch=02,"3 Colors, Majesty Leather Sneakers, -30%",Puma,₹0,
https://in.puma.com/in/en/pd/bmw-m-motorsport-inverse-sneakers/308920?swatch=01,"BMW M Motorsport Inverse Sneakers, -25%",Puma,₹0,
https://in.puma.com/in/en/pd/bmw-m-motorsport-a3rokart-mid-sneakers/308235?swatch=04,"2 Colors, BMW M Motorsport A3rokart Mid Sneakers",Puma,₹0,
https://in.puma.com/in/en/pd/majesty-leather-sneakers/312617?swatch=01,"3 Colors, Majesty Leather Sneakers",Puma,₹0,
https://in.puma.com/in/en/pd/palermo-classic-comfort-low-boot-sneakers/402693?swatch=05,"4 Colors, Palermo Classic Comfort Low Boot Sneakers, -25%, SPECIAL PRICE",Puma,₹0,
https://in.puma.com/in/en/pd/mostro-unlined-suede-sneakers/403174?swatch=02,"2 Colors, Mostro Unlined Suede Sneakers, -25%",Puma,₹0,
https://in.puma.com/in/en/pd/v-s2-libero-everyday-sneakers/403280?swatch=02,"V-S2 Libero Everyday Sneakers, -20%",Puma,₹0,
https://in.puma.com/in/en/pd/inverse-upgrade-unisex-sneakers/401754?swatch=01,Inverse Upgrade Unisex Sneakers,Puma,₹0,
https://in.puma.com/in/en/pd/accelerate-pro-4-multi-traction-indoor-badminton-shoes/108442?swatch=02,"2 Colors, Accelerate Pro 4 Multi-Traction Indoor Badminton Shoes",Puma,₹0,
https://in.puma.com/in/en/pd/speedcat-og-sneakers/398846?swatch=19,"8 Colors, Speedcat OG Sneakers, -25%, SPECIAL PRICE",Puma,₹0,
https://in.puma.com/in/en/pd/cali-court-match-womens-sneakers/393094?swatch=02,"Cali Court Match Women's Sneakers, -38%",Puma,₹0,
https://in.puma.com/in/en/pd/suede-moccasin-casual-sneakers/401035?swatch=01,"2 Colors, Suede Moccasin Casual Sneakers",Puma,₹0,
https://in.puma.com/in/en/pd/softride-enzo-evo-running-shoes/312074?swatch=04,"4 Colors, Softride Enzo Evo Running Shoes, -25%",Puma,₹0,
https://in.puma.com/in/en/pd/ragegryp-womens-running-shoes/310886?swatch=01,"2 Colors, Ragegryp Women's Running Shoes",Puma,₹0,
https://in.puma.com/in/en/pd/puma-x-aston-martin-aramco-f1-team-drift-cat-11-motorsport-sneakers/309105?swatch=02,"2 Colors, PUMA x ASTON MARTIN ARAMCO F1® TEAM Drift Cat 11 Motorsport Sneakers",Puma,₹0,
https://in.puma.com/in/en/pd/speedcat-suede-ballet-womens-shoes/401287?swatch=01,"3 Colors, Speedcat Suede Ballet Women's Shoes",Puma,₹0,
https://in.puma.com/in/en/pd/speedcat-sneakers/406329?swatch=54,"3 Colors, Speedcat Sneakers, -25%, SPECIAL PRICE",Puma,₹0,
https://in.puma.com/in/en/pd/wave-flip-flops/390142?swatch=14,"6 Colors, Wave Flip-Flops, -42%",Puma,₹0,
https://in.puma.com/in/en/pd/wave-flip-flops/390142?swatch=10,"6 Colors, Wave Flip-Flops, -42%",Puma,₹0,
https://in.puma.com/in/en/pd/mb-05-world-tour-lightweight-basketball-shoes/312129?swatch=01,"MB.05 World Tour Lightweight Basketball Shoes, -25%",Puma,₹0,
https://in.puma.com/in/en/pd/inhale-casual-sneakers/406513?swatch=01,"2 Colors, Inhale Casual Sneakers, -20%",Puma,₹0,
https://in.puma.com/in/en/pd/flymo-injex-flip-flops/399101?swatch=01,"3 Colors, Flymo Injex Flip-Flops",Puma,₹0,
https://in.puma.com/in/en/pd/bmw-m-motorsport-leadcat-2-0-logo-slip-ons/309237?swatch=01,"2 Colors, BMW M Motorsport Leadcat 2.0 Logo Slip-ons",Puma,₹0,
https://in.puma.com/in/en/pd/leadcat-2-0-palermo-foil-slides/399041?swatch=07,Leadcat 2.0 Palermo Foil Slides,Puma,₹0,
https://in.puma.com/in/en/pd/mostro-og-prime-sneakers/403206?swatch=09,"8 Colors, Mostro OG Prime Sneakers, -25%",Puma,₹0,
https://in.puma.com/in/en/pd/electrify-nitro-4-womens-everyday-running-shoes/310788?swatch=18,"2 Colors, Electrify NITRO™ 4 Women's Everyday Running Shoes",Puma,₹0,
https://in.puma.com/in/en/pd/inverse-halloween-sneakers/404365?swatch=01,"Inverse Halloween Sneakers, -20%",Puma,₹0,
https://in.puma.com/in/en/pd/smash-comfort-sneakers/400357?swatch=02,"2 Colors, Smash Comfort Sneakers, -25%",Puma,₹0,
https://in.puma.com/in/en/pd/ascenso-sneakers/403307?swatch=03,"3 Colors, Ascenso Sneakers",Puma,₹0,
https://in.puma.com/in/en/pd/softridepro-leadpuff-womens-slides/311793?swatch=01,"2 Colors, SoftridePro Leadpuff Women's Slides",Puma,₹0,
https://in.puma.com/in/en/pd/x-cell-nova-cat-womens-everyday-running-shoes/310686?swatch=08,"2 Colors, X-Cell Nova CAT Women's Everyday Running Shoes, -20%",Puma,₹0,
https://in.puma.com/in/en/pd/propella-womens-sneakers/395844?swatch=04,"Propella Women's Sneakers, -25%",Puma,₹0,
https://in.puma.com/in/en/pd/softridepro-leadpuff-womens-slides/311793?swatch=02,"2 Colors, SoftridePro Leadpuff Women's Slides",Puma,₹0,
https://in.puma.com/in/en/pd/easy-rider-vintage-everyday-comfort-sneakers/399028?swatch=40,"4 Colors, Easy Rider Vintage Everyday Comfort Sneakers, -10%",Puma,₹0,
https://in.puma.com/in/en/pd/mostro-og-prime-sneakers/403206?swatch=08,"8 Colors, Mostro OG Prime Sneakers, -25%",Puma,₹0,
https://in.puma.com/in/en/pd/velocity-nitro-4-womens-high-cushion-running-shoes/311141?swatch=07,"3 Colors, Velocity NITRO 4 Women's High Cushion Running Shoes",Puma,₹0,
https://in.puma.com/in/en/pd/deviate-nitro-elite-3-womens-running-shoes/309810?swatch=09,"3 Colors, Deviate NITRO™ Elite 3 Women's Running Shoes",Puma,₹0,
https://in.puma.com/in/en/pd/all-pro-nitro-2-responsive-basketball-shoes/311521?swatch=01,"All-Pro Nitro 2 Responsive Basketball Shoes, -20%",Puma,₹0,
https://in.puma.com/in/en/pd/puma-x-rick-and-morty-rs-surge-sneakers/403654?swatch=01,PUMA x RICK AND MORTY RS Surge Sneakers,Puma,₹0,
https://in.puma.com/in/en/pd/speedcat-og-sneakers/398846?swatch=40,"8 Colors, Speedcat OG Sneakers, -25%, SPECIAL PRICE",Puma,₹0,
https://in.puma.com/in/en/pd/the-dagger-basketball-shoes/311353?swatch=11,"5 Colors, The Dagger Basketball Shoes, -20%",Puma,₹0,
https://in.puma.com/in/en/pd/inhale-distressed-sneakers/404532?swatch=02,"Inhale Distressed Sneakers, -20%",Puma,₹0,
https://in.puma.com/in/en/pd/flymo-injex-flip-flops/399101?swatch=05,"3 Colors, Flymo Injex Flip-Flops, -40%",Puma,₹0,
https://in.puma.com/in/en/pd/easy-rider-senorita-womens-retro-sneakers/403353?swatch=01,"Easy Rider Senorita Women's Retro Sneakers, -10%",Puma,₹0,
https://in.puma.com/in/en/pd/smashic-comfort-casual-sneakers/394371?swatch=03,"4 Colors, Smashic Comfort Casual Sneakers, -25%",Puma,₹0,
https://in.puma.com/in/en/pd/the-dagger-basketball-shoes/311353?swatch=09,"5 Colors, The Dagger Basketball Shoes, -20%",Puma,₹0,
https://in.puma.com/in/en/pd/suede-xl-sneakers/395205?swatch=01,"2 Colors, Suede XL Sneakers, Free Laces",Puma,₹0,
https://in.puma.com/in/en/pd/puma-r78-retro-sneakers/393910?swatch=12,"PUMA R78 Retro Sneakers, -47%",Puma,₹0,
https://in.puma.com/in/en/pd/bmw-mms-neo-cat-mid-2-0-driving-shoes/309236?swatch=02,"2 Colors, BMW MMS Neo Cat Mid 2.0 Driving Shoes, -45%",Puma,₹0,
https://in.puma.com/in/en/pd/arizona-retro-premium-suede-sneakers/402353?swatch=01,"4 Colors, Arizona Retro Premium Suede Sneakers, -10%",Puma,₹0,
https://in.puma.com/in/en/pd/palermo-club-vegas-leather-sneakers/404669?swatch=01,"Palermo Club Vegas Leather Sneakers, with-charms",Puma,₹0,
https://in.puma.com/in/en/pd/electrify-nitro-3-womens-running-shoes/378456?swatch=04,"3 Colors, Electrify NITRO™ 3 Women's Running Shoes, -10%",Puma,₹0,
https://in.puma.com/in/en/pd/deviate-nitro-elite-3-womens-running-shoes/309810?swatch=08,"3 Colors, Deviate NITRO™ Elite 3 Women's Running Shoes",Puma,₹0,
https://in.puma.com/in/en/pd/shuffle-mid-sneakers/380748?swatch=03,"Shuffle Mid Sneakers, -49%",Puma,₹0,
https://in.puma.com/in/en/pd/f1-inhale-75-yrs-sneakers/308889?swatch=03,"2 Colors, F1 Inhale 75 YRS Sneakers, -10%",Puma,₹0,
https://in.puma.com/in/en/pd/arizona-leo-sneakers/403045?swatch=01,"Arizona Leo Sneakers, -10%",Puma,₹0,
https://in.puma.com/in/en/pd/magmax-nitro-womens-maximum-cushioning-running-shoes/310089?swatch=02,"4 Colors, MagMax NITRO™ Women's Maximum Cushioning Running Shoes",Puma,₹0,
https://in.puma.com/in/en/pd/foreverrun-nitro-womens-running-shoes/377758?swatch=03,"6 Colors, ForeverRun NITRO™ Women's Running Shoes, -20%",Puma,₹0,
https://in.puma.com/in/en/pd/mostro-sneakers/403812?swatch=01,"4 Colors, Mostro Sneakers, -25%",Puma,₹0,
https://in.puma.com/in/en/pd/inverse-parallel-everyday-sneakers/404705?swatch=04,"Inverse Parallel Everyday Sneakers, -20%",Puma,₹0,
https://in.puma.com/in/en/pd/razz-womens-running-shoes/310598?swatch=02,"2 Colors, Razz Women's Running Shoes",Puma,₹0,
https://in.puma.com/in/en/pd/scuderia-ferrari-hp-speedcat-sneakers/308905?swatch=04,"3 Colors, Scuderia Ferrari HP Speedcat Sneakers, Limited Edition",Puma,₹0,
https://in.puma.com/in/en/pd/deviate-nitro-elite-3-womens-running-shoes/309810?swatch=07,"3 Colors, Deviate NITRO™ Elite 3 Women's Running Shoes",Puma,₹0,
https://in.puma.com/in/en/pd/solarflash-iii-indoor-sports-shoes/107850?swatch=03,"3 Colors, Solarflash III Indoor Sports Shoes, -20%",Puma,₹0,
https://in.puma.com/in/en/pd/leadcat-2-0-slides/395229?swatch=05,"5 Colors, Leadcat 2.0 Slides, -35%",Puma,₹0,
https://in.puma.com/in/en/pd/mid-distance-nitro-elite-3-spike-running-shoes/312637?swatch=01,Mid Distance NITRO™ Elite 3 Spike Running Shoes,Puma,₹0,
https://in.puma.com/in/en/pd/deviate-nitro-elite-3-hyrox-womens-lightweight-running-shoes/312292?swatch=01,"Deviate NITRO Elite 3 HYROX Women's Lightweight Running Shoes, ultra-light",Puma,₹0,
https://in.puma.com/in/en/pd/scend-progressive-running-shoes/312107?swatch=02,"2 Colors, Scend Progressive Running Shoes, -25%",Puma,₹0,
https://in.puma.com/in/en/pd/palermo-sp-sneakers/398383?swatch=01,Palermo S&P Sneakers,Puma,₹0,
https://in.puma.com/in/en/pd/velocity-nitro-2-wtr-womens-running-shoes/376918?swatch=02,"Velocity NITRO™ 2 WTR Women's Running Shoes, -20%",Puma,₹0,
https://in.puma.com/in/en/pd/long-distance-nitro-elite-3-lightweight-running-shoes/312330?swatch=01,Long Distance NITRO™ Elite 3 Lightweight Running Shoes,Puma,₹0,
https://in.puma.com/in/en/pd/royalcatsoftride-cara-womens-flip-flops/397134?swatch=02,"2 Colors, Royalcat Softride Cara Women's Flip-Flops, -10%",Puma,₹0,
https://in.puma.com/in/en/pd/bmw-mms-neo-cat-mid-2-0-driving-shoes/309236?swatch=01,"2 Colors, BMW MMS Neo Cat Mid 2.0 Driving Shoes, -48%",Puma,₹0,
https://in.puma.com/in/en/pd/skyrocket-lite-womens-running-shoes/312785?swatch=01,"Skyrocket Lite Women's Running Shoes, -30%",Puma,₹0,
https://in.puma.com/in/en/pd/speedcat-suede-ballet-womens-shoes/401287?swatch=02,"3 Colors, Speedcat Suede Ballet Women's Shoes, Best Seller",Puma,₹0,
https://in.puma.com/in/en/pd/deviate-nitro-elite-womens-trail-running-shoes/310468?swatch=03,Deviate NITRO™ Elite Women's Trail Running Shoes,Puma,₹0,
https://in.puma.com/in/en/pd/mostro-og-prime-sneakers/403206?swatch=02,"8 Colors, Mostro OG Prime Sneakers, -25%",Puma,₹0,
https://in.puma.com/in/en/pd/electrify-nitro-2-womens-running-shoes/376898?swatch=12,"Electrify NITRO™ 2 Women's Running Shoes, -20%",Puma,₹0,
https://in.puma.com/in/en/pd/electrify-nitro-3-womens-running-shoes/378456?swatch=07,"3 Colors, Electrify NITRO™ 3 Women's Running Shoes, -25%",Puma,₹0,
https://in.puma.com/in/en/pd/king-indoor-sneakers/401683?swatch=04,"5 Colors, King Indoor Sneakers, -20%",Puma,₹0,
https://in.puma.com/in/en/pd/king-indoor-sneakers/401683?swatch=03,"5 Colors, King Indoor Sneakers, -20%",Puma,₹0,
https://in.puma.com/in/en/pd/mostro-og-prime-sneakers/403206?swatch=03,"8 Colors, Mostro OG Prime Sneakers, -25%",Puma,₹0,
https://in.puma.com/in/en/pd/mostro-unisex-sneakers/397331?swatch=02,"2 Colors, Mostro Unisex Sneakers, -25%",Puma,₹0,
https://in.puma.com/in/en/pd/flymo-injex-womens-anti-slip-flip-flops/397151?swatch=02,"2 Colors, Flymo Injex Women's Anti-Slip Flip-Flops",Puma,₹0,
https://in.puma.com/in/en/pd/slipstream-sportstyle-sneakers/404690?swatch=02,"2 Colors, Slipstream Sportstyle Sneakers, -20%",Puma,₹0,
https://in.puma.com/in/en/pd/pwr-nitro-sqd-2-womens-training-shoes/310147?swatch=11,"3 Colors, PWR NITRO™ SQD 2 Women's Training Shoes",Puma,₹0,
https://in.puma.com/in/en/pd/razz-womens-running-shoes/310598?swatch=01,"2 Colors, Razz Women's Running Shoes",Puma,₹0,
https://in.puma.com/in/en/pd/easy-rider-vintage-everyday-comfort-sneakers/399028?swatch=35,"4 Colors, Easy Rider Vintage Everyday Comfort Sneakers, -20%",Puma,₹0,
https://in.puma.com/in/en/pd/slipstream-bball-sneakers/404692?swatch=02,"2 Colors, Slipstream Bball Sneakers, -25%",Puma,₹0,
https://in.puma.com/in/en/pd/speedcat-elevated-womens-sneakers/403619?swatch=02,"2 Colors, Speedcat Elevated Women's Sneakers, -25%, SPECIAL PRICE",Puma,₹0,
https://in.puma.com/in/en/pd/scend-progressive-womens-running-shoes/312108?swatch=01,"Scend Progressive Women's Running Shoes, -25%",Puma,₹0,
https://in.puma.com/in/en/pd/electrify-nitro-4-womens-everyday-running-shoes/310788?swatch=14,"2 Colors, Electrify NITRO™ 4 Women's Everyday Running Shoes",Puma,₹0,
https://in.puma.com/in/en/pd/mostro-og-prime-sneakers/403206?swatch=15,"8 Colors, Mostro OG Prime Sneakers, -25%",Puma,₹0,
https://in.puma.com/in/en/pd/smash-tex-womens-sneakers/392764?swatch=01,"Smash Tex Women's Sneakers, -20%",Puma,₹0,
https://in.puma.com/in/en/pd/the-dagger-basketball-shoes/311353?swatch=13,"5 Colors, The Dagger Basketball Shoes, -20%",Puma,₹0,
https://in.puma.com/in/en/pd/palermo-sneakers/396463?swatch=23,"5 Colors, Palermo Sneakers",Puma,₹0,
https://in.puma.com/in/en/pd/electrify-nitro-4-womens-multi-surface-traction-running-shoes/313362?swatch=02,"2 Colors, Electrify NITRO 4 Women's Multi-Surface Traction Running Shoes",Puma,₹0,
https://in.puma.com/in/en/pd/popcat-20-slides/391262?swatch=05,Popcat 20 Slides,Puma,₹0,
https://in.puma.com/in/en/pd/mostro-unlined-suede-sneakers/403174?swatch=01,"2 Colors, Mostro Unlined Suede Sneakers, -25%",Puma,₹0,
https://in.puma.com/in/en/pd/mostro-og-sneakers/397330?swatch=08,"4 Colors, Mostro OG Sneakers, -25%",Puma,₹0,
https://in.puma.com/in/en/pd/velocity-nitro-2-gore-tex-womens-trail-running-shoes/377508?swatch=02,"2 Colors, Velocity NITRO™ 2 GORE-TEX® Women's Trail Running Shoes, -25%",Puma,₹0,
https://in.puma.com/in/en/pd/softride-sophia-2-womens-slip-on-shoes/311886?swatch=04,"4 Colors, Softride Sophia 2 Women's Slip-On Shoes, -20%",Puma,₹0,
https://in.puma.com/in/en/pd/royalcat-comfort-softride-womens-slides/396711?swatch=04,"2 Colors, Royalcat Comfort SOFTRIDE Women's Slides, -10%",Puma,₹0,
https://in.puma.com/in/en/pd/talon-og-retro-inspired-sneakers/402955?swatch=01,"2 Colors, Talon OG Retro Inspired Sneakers, -20%",Puma,₹0,
https://in.puma.com/in/en/pd/scuderia-ferrari-drift-cat-11-mens-sneakers/308613?swatch=03,"2 Colors, Scuderia Ferrari Drift Cat 11 Men's Sneakers, -25%",Puma,₹0,
https://in.puma.com/in/en/pd/scend-progressive-running-shoes/312107?swatch=01,"2 Colors, Scend Progressive Running Shoes, -25%",Puma,₹0,
https://in.puma.com/in/en/pd/speedcat-metallic-sneakers/403689?swatch=02,"2 Colors, Speedcat Metallic Sneakers, -25%, SPECIAL PRICE",Puma,₹0,
https://in.puma.com/in/en/pd/mb-05-voltage-basketball-shoes/312131?swatch=01,"MB.05 Voltage Basketball Shoes, -20%",Puma,₹0,
https://in.puma.com/in/en/pd/softride-mayve-womens-running-shoes/310160?swatch=23,"2 Colors, SOFTRIDE Mayve Women's Running Shoes",Puma,₹0,
https://in.puma.com/in/en/pd/royalcatsoftride-cara-womens-flip-flops/397134?swatch=03,"2 Colors, Royalcat Softride Cara Women's Flip-Flops, -10%",Puma,₹0,
https://in.puma.com/in/en/pd/slipstream-sportstyle-sneakers/404690?swatch=01,"2 Colors, Slipstream Sportstyle Sneakers, -20%",Puma,₹0,
https://in.puma.com/in/en/pd/daisy-womens-flip-flops/387542?swatch=06,"Daisy Women's Flip Flops, -10%",Puma,₹0,
https://in.puma.com/in/en/pd/softride-frequence-running-shoes/310500?swatch=01,"2 Colors, SOFTRIDE Frequence Running Shoes",Puma,₹0,
https://in.puma.com/in/en/pd/puma-x-first-mile-velocity-nitro-2-womens-running-shoes/376266?swatch=01,"PUMA x FIRST MILE Velocity NITRO™ 2 Women's Running Shoes, -20%",Puma,₹0,
https://in.puma.com/in/en/pd/speedcat-full-leather-sneakers/405449?swatch=01,"2 Colors, Speedcat Full Leather Sneakers, -25%, SPECIAL PRICE",Puma,₹0,
https://in.puma.com/in/en/pd/inverse-cityscape-sneakers/404054?swatch=01,"2 Colors, Inverse Cityscape Sneakers, -10%",Puma,₹0,
https://in.puma.com/in/en/pd/foreverrun-nitro-womens-running-shoes/377758?swatch=19,"6 Colors, ForeverRun NITRO™ Women's Running Shoes, -10%",Puma,₹0,
https://in.puma.com/in/en/pd/mb-01234-mash-up-lightweight-basketball-shoes/312855?swatch=01,MB.01234 Mash-Up Lightweight Basketball Shoes,Puma,₹0,
https://in.puma.com/in/en/pd/speedcat-faded-sneakers/403688?swatch=01,"3 Colors, Speedcat Faded Sneakers",Puma,₹0,
https://in.puma.com/in/en/pd/purecat-slides/360262?swatch=02,"2 Colors, Purecat Slides, -25%",Puma,₹0,
https://in.puma.com/in/en/pd/rs-x-toys-sneakers/369449?swatch=23,"2 Colors, RS-X Toys Sneakers, -48%",Puma,₹0,
https://in.puma.com/in/en/pd/the-dagger-basketball-shoes/311353?swatch=14,"5 Colors, The Dagger Basketball Shoes, -20%",Puma,₹0,
https://in.puma.com/in/en/pd/ferrari-mostro-20-yrs-of-red-leather-shoes/309260?swatch=01,Ferrari Mostro 20 Yrs of Red Leather Shoes,Puma,₹0,
https://in.puma.com/in/en/pd/foreverrun-nitro-knit-womens-running-shoes/379140?swatch=01,"2 Colors, ForeverRun NITRO™ Knit Women's Running Shoes, -25%",Puma,₹0,
https://in.puma.com/in/en/pd/fenty-x-puma-avanti-vl-sneakers/398672?swatch=02,"FENTY x PUMA AVANTI VL Sneakers, FLASH SALE",Puma,₹0,
https://in.puma.com/in/en/pd/palermo-moda-selva-womens-sneakers/401435?swatch=01,Palermo Moda Selva Women's Sneakers,Puma,₹0,
https://in.puma.com/in/en/pd/inverse-cityscape-sneakers/404054?swatch=03,"2 Colors, Inverse Cityscape Sneakers, -20%",Puma,₹0,
https://in.puma.com/in/en/pd/velocity-nitro-womens-running-shoes/195697?swatch=11,"2 Colors, Velocity Nitro Women's Running Shoes, -20%",Puma,₹0,
https://in.puma.com/in/en/pd/mostro-og-prime-sneakers/403206?swatch=06,"8 Colors, Mostro OG Prime Sneakers, -25%",Puma,₹0,
https://in.puma.com/in/en/pd/court-shatter-low-sneakers/399844?swatch=04,"5 Colors, Court Shatter Low Sneakers, -40%",Puma,₹0,
https://in.puma.com/in/en/pd/talon-og-retro-inspired-sneakers/402955?swatch=02,"2 Colors, Talon OG Retro Inspired Sneakers, -10%",Puma,₹0,
https://in.puma.com/in/en/pd/foreverrun-nitro-knit-womens-running-shoes/379140?swatch=10,"2 Colors, ForeverRun NITRO™ Knit Women's Running Shoes, -25%",Puma,₹0,
https://in.puma.com/in/en/pd/softride-seave-sandals/391859?swatch=01,"SOFTRIDE Seave Sandals, -20%",Puma,₹0,
https://in.puma.com/in/en/pd/scuderia-ferrari-speedcat-racing-shoes/307514?swatch=01,Scuderia Ferrari Speedcat Racing Shoes,Puma,₹0,
https://in.puma.com/in/en/pd/arizona-retro-premium-suede-sneakers/402353?swatch=09,"4 Colors, Arizona Retro Premium Suede Sneakers, -10%",Puma,₹0,
https://in.puma.com/in/en/pd/inhale-casual-sneakers/406513?swatch=02,"2 Colors, Inhale Casual Sneakers, -25%",Puma,₹0,
https://in.puma.com/in/en/pd/fenty-x-puma-avanti-c-sneakers/398671?swatch=01,"FENTY x PUMA AVANTI C Sneakers, FLASH SALE",Puma,₹0,
https://in.puma.com/in/en/pd/softride-premier-glideknit-walking-shoes/312706?swatch=01,"3 Colors, Softride Premier GlideKnit Walking Shoes, -25%",Puma,₹0,
https://in.puma.com/in/en/pd/silvia-womens-flip-flops/391269?swatch=02,"2 Colors, Silvia Women's Flip-Flops, -10%",Puma,₹0,
https://in.puma.com/in/en/pd/softride-pro-echo-remi-womens-slip-on-shoes/310906?swatch=03,"Softride Pro Echo Remi Women's Slip On Shoes, -25%",Puma,₹0,
https://in.puma.com/in/en/pd/speedcat-metallic-sneakers/403689?swatch=01,"2 Colors, Speedcat Metallic Sneakers, -25%, SPECIAL PRICE",Puma,₹0,
https://in.puma.com/in/en/pd/palermo-sneakers/396463?swatch=21,"5 Colors, Palermo Sneakers",Puma,₹0,
https://in.puma.com/in/en/pd/speedcat-plus-quilted-sneakers/403429?swatch=01,"2 Colors, Speedcat Plus Quilted Sneakers",Puma,₹0,
https://in.puma.com/in/en/pd/seriah-womens-running-shoes/310595?swatch=03,"2 Colors, Seriah Women's Running Shoes",Puma,₹0,
https://in.puma.com/in/en/pd/softride-seave-aquaterra-lightweight-sandal/404540?swatch=01,"2 Colors, Softride Seave Aquaterra Lightweight Sandal",Puma,₹0,
https://in.puma.com/in/en/pd/scuderia-ferrari-hp-speedcat-sneakers/308905?swatch=01,"3 Colors, Scuderia Ferrari HP Speedcat Sneakers, Limited Edition",Puma,₹0,
https://in.puma.com/in/en/pd/puma-x-lamelo-ball-mb-05-crowd-surf-basketball-shoes/312132?swatch=01,PUMA x LAMELO BALL MB.05 Crowd Surf Basketball Shoes,Puma,₹0,
https://in.puma.com/in/en/pd/suede-classic-sneakers/399781?swatch=04,"5 Colors, Suede Classic Sneakers, Free Laces",Puma,₹0,
https://in.puma.com/in/en/pd/speedcat-premium-sneakers/403902?swatch=02,"Speedcat Premium Sneakers, -25%, SPECIAL PRICE",Puma,₹0,
https://in.puma.com/in/en/pd/porsche-legacy-leadcat-2-0-slides/308857?swatch=04,"2 Colors, Porsche Legacy Leadcat 2.0 Slides, -10%",Puma,₹0,
https://in.puma.com/in/en/pd/x-ray-2-square-retro-style-sneakers/402200?swatch=15,"5 Colors, X-Ray 2 Square Retro Style Sneakers, -47%",Puma,₹0,
https://in.puma.com/in/en/pd/velocity-nitro-womens-running-shoes/195697?swatch=06,"2 Colors, Velocity Nitro Women's Running Shoes, -20%",Puma,₹0,
https://in.puma.com/in/en/pd/purecat-slides/360262?swatch=01,"2 Colors, Purecat Slides, -20%, Online Exclusive",Puma,₹0,
https://in.puma.com/in/en/pd/stewie-4-harry-potter-womens-basketball-shoes/312373?swatch=01,"Stewie 4 Harry Potter™ Women's Basketball Shoes, -25%",Puma,₹0,
https://in.puma.com/in/en/pd/softride-frequence-street-womens-running-shoes/312729?swatch=01,"Softride Frequence Street Women's Running Shoes, -25%",Puma,₹0,
https://in.puma.com/in/en/pd/court-shatter-low-sneakers/399844?swatch=07,"5 Colors, Court Shatter Low Sneakers, -45%",Puma,₹0,
https://in.puma.com/in/en/pd/silvia-v2-womens-slides/387980?swatch=04,"2 Colors, Silvia V2 Women's Slides, -10%",Puma,₹0,
https://in.puma.com/in/en/pd/deviate-nitro-3-womens-running-shoes/309708?swatch=04,"4 Colors, Deviate NITRO™ 3 Women's Running Shoes",Puma,₹0,
https://in.puma.com/in/en/pd/flamecrest-womens-slip-on-shoes/399419?swatch=03,"2 Colors, Flamecrest Women's Slip-On Shoes",Puma,₹0,
https://in.puma.com/in/en/pd/flexfocus-lite-better-knitrunning-shoes/379536?swatch=07,FlexFocus Lite Better KnitRunning Shoes,Puma,₹0,
https://in.puma.com/in/en/pd/speedcat-plus-sneakers/402995?swatch=02,"3 Colors, Speedcat Plus Sneakers",Puma,₹0,
https://in.puma.com/in/en/pd/f1-inhale-75-yrs-sneakers/308889?swatch=01,"2 Colors, F1 Inhale 75 YRS Sneakers, -20%",Puma,₹0,
https://in.puma.com/in/en/pd/scuderia-ferrari-hp-speedcat-sneakers/308905?swatch=02,"3 Colors, Scuderia Ferrari HP Speedcat Sneakers, Limited Edition",Puma,₹0,
https://in.puma.com/in/en/pd/mostro-sneakers/403812?swatch=03,"4 Colors, Mostro Sneakers, -10%",Puma,₹0,
https://in.puma.com/in/en/pd/seriah-womens-running-shoes/310595?swatch=04,"2 Colors, Seriah Women's Running Shoes, -38%",Puma,₹0,
https://in.puma.com/in/en/pd/pwr-hybrid-multi-surface-grip-training-shoes/310282?swatch=17,"2 Colors, PWR Hybrid Multi-Surface Grip Training Shoes, -25%",Puma,₹0,
https://in.puma.com/in/en/pd/deviate-nitro-digitokyo-womens-running-shoes/312368?swatch=01,Deviate NITRO™ DIGITOKYO Women's Running Shoes,Puma,₹0,
https://in.puma.com/in/en/pd/mostro-og-prime-sneakers/403206?swatch=01,"8 Colors, Mostro OG Prime Sneakers, -25%",Puma,₹0,
https://in.puma.com/in/en/pd/softride-carson-hands-free-sliptech-walking-shoes/311724?swatch=03,"4 Colors, Softride Carson Hands-free Sliptech Walking Shoes, -37%",Puma,₹0,
https://in.puma.com/in/en/pd/pwr-hybrid-multi-surface-grip-training-shoes/310282?swatch=12,"2 Colors, PWR Hybrid Multi-Surface Grip Training Shoes, -25%",Puma,₹0,
https://in.puma.com/in/en/pd/transport-running-shoes/377028?swatch=10,"Transport Running Shoes, -54%",Puma,₹0,
https://in.puma.com/in/en/pd/puma-x-first-mile-velocity-nitro-2-womens-running-shoes/379114?swatch=01,"PUMA x FIRST MILE Velocity NITRO™ 2 Women's Running Shoes, -20%",Puma,₹0,
https://in.puma.com/in/en/pd/velocity-nitro-2-womens-running-shoes/376262?swatch=07,"7 Colors, Velocity NITRO™ 2 Women's Running Shoes, -25%",Puma,₹0,
https://in.puma.com/in/en/pd/deviate-nitro-elite-3-x-represent-womens-running-shoes/408494?swatch=01,Deviate NITRO™ Elite 3 x REPRESENT Women's Running Shoes,Puma,₹0,
https://in.puma.com/in/en/pd/king-ultimate-fg-ag-womens-football-boots/107565?swatch=05,"2 Colors, KING ULTIMATE FG/AG Women's Football Boots, -48%",Puma,₹0,
https://in.puma.com/in/en/pd/easy-rider-thrive--triumph-all-day-sneakers/403289?swatch=02,"Easy Rider Thrive & Triumph All-Day Sneakers, -10%",Puma,₹0,
https://in.puma.com/in/en/pd/fenty-x-puma-creeper-phatty-earth-tone-sneakers/396813?swatch=01,FENTY x PUMA Creeper Phatty Earth Tone Sneakers,Puma,₹0,
https://in.puma.com/in/en/pd/ferrari-ca-pro-leather-sneakers/309283?swatch=01,"2 Colors, Ferrari CA Pro Leather Sneakers, -20%",Puma,₹0,
https://in.puma.com/in/en/pd/king-ultimate-fg-ag-womens-football-boots/107565?swatch=04,"2 Colors, KING ULTIMATE FG/AG Women's Football Boots, -50%",Puma,₹0,
https://in.puma.com/in/en/pd/speedcat-suede-ballet-womens-shoes/401287?swatch=06,"3 Colors, Speedcat Suede Ballet Women's Shoes",Puma,₹0,
https://in.puma.com/in/en/pd/ca-pro-classic-leather-sneakers/402538?swatch=05,"4 Colors, CA Pro Classic Leather Sneakers, -25%",Puma,₹0,
https://in.puma.com/in/en/pd/silvia-v2-womens-slides/387980?swatch=05,"2 Colors, Silvia V2 Women's Slides, -10%",Puma,₹0,
https://in.puma.com/in/en/pd/aviator-running-shoes/195175?swatch=02,"Aviator Running Shoes, -20%",Puma,₹0,
https://in.puma.com/in/en/pd/mostro-sneakers/403812?swatch=02,"4 Colors, Mostro Sneakers, -25%",Puma,₹0,
https://in.puma.com/in/en/pd/st-runner-v3-l-sneakers/384855?swatch=05,"ST Runner v3 L Sneakers, -20%",Puma,₹0,
https://in.puma.com/in/en/pd/rebound-future-evo-sneakers/374899?swatch=06,"Rebound Future Evo Sneakers, -54%",Puma,₹0,
https://in.puma.com/in/en/pd/wave-womens-flip-flops/395845?swatch=04,"3 Colors, Wave Women's Flip-Flops, -35%",Puma,₹0,
https://in.puma.com/in/en/pd/palermo-squid-game-leather-sneakers/403859?swatch=01,"Palermo Squid Game Leather Sneakers, with-charms",Puma,₹0,
https://in.puma.com/in/en/pd/long-distance-nitro-elite-3-spike-running-shoes/311981?swatch=01,Long Distance NITRO™ Elite 3 Spike Running Shoes,Puma,₹0,
https://in.puma.com/in/en/pd/deviate-nitro-elite-3-digitokyo-womens-running-shoes/311918?swatch=01,Deviate NITRO™ Elite 3 DIGITOKYO Women's Running Shoes,Puma,₹0,
https://in.puma.com/in/en/pd/softride-sway-womens-running-shoes/310318?swatch=16,"SOFTRIDE Sway Women's Running Shoes, -20%",Puma,₹0,
https://in.puma.com/in/en/pd/fenty-x-puma-creeper-phatty-sneakers/396403?swatch=01,"FENTY x PUMA Creeper Phatty Sneakers, FLASH SALE",Puma,₹0,
https://in.puma.com/in/en/pd/speedcat-suede-cafe-womens-ballet-shoes/406758?swatch=02,"2 Colors, Speedcat Suede Cafe Women's Ballet Shoes, Exclusive",Puma,₹0,
https://in.puma.com/in/en/pd/flexflare-womens-running-shoes/311831?swatch=01,"FlexFlare Women's Running Shoes, -10%",Puma,₹0,
https://in.puma.com/in/en/pd/softride-pro-echo-consonance-womens-running-shoes/310913?swatch=02,"Softride Pro Echo Consonance Women's Running Shoes, -20%",Puma,₹0,
https://in.puma.com/in/en/pd/deviate-nitro-3-marathon-series-womens-running-shoes/310196?swatch=01,Deviate NITRO™ 3 Marathon Series Women's Running Shoes,Puma,₹0,
https://in.puma.com/in/en/pd/puma-softride-seave-platform-flip-flops/391864?swatch=01,"2 Colors, PUMA Softride Seave Platform Flip-Flops, -30%",Puma,₹0,
https://in.puma.com/in/en/pd/velocity-nitro-2-womens-running-shoes/376262?swatch=01,"7 Colors, Velocity NITRO™ 2 Women's Running Shoes, -25%",Puma,₹0,
https://in.puma.com/in/en/pd/palermo-lth-sneakers/396464?swatch=07,"2 Colors, Palermo Lth Sneakers",Puma,₹0,
https://in.puma.com/in/en/pd/fast-trac-nitro-womens-trail-running-shoes/377046?swatch=09,"Fast-Trac NITRO™ Women's Trail Running Shoes, -20%",Puma,₹0,
https://in.puma.com/in/en/pd/smash-comfort-sneakers/400357?swatch=01,"2 Colors, Smash Comfort Sneakers, -25%",Puma,₹0,
https://in.puma.com/in/en/pd/softride-pro-echo-slip-on-womens-shoes/310889?swatch=03,"Softride Pro Echo Slip-On Women's Shoes, -25%",Puma,₹0,
https://in.puma.com/in/en/pd/easy-rider-mix-sneakers/399025?swatch=01,"2 Colors, Easy Rider Mix Sneakers, -25%",Puma,₹0,
https://in.puma.com/in/en/pd/easy-rider-vintage-everyday-comfort-sneakers/399028?swatch=41,"4 Colors, Easy Rider Vintage Everyday Comfort Sneakers, -10%",Puma,₹0,
https://in.puma.com/in/en/pd/solarflash-iii-indoor-sports-shoes/107850?swatch=05,"3 Colors, Solarflash III Indoor Sports Shoes, -20%",Puma,₹0,
https://in.puma.com/in/en/pd/eliminate-pro-ii-indoor-sports-shoes/106880?swatch=03,"Eliminate Pro II Indoor Sports Shoes, -20%",Puma,₹0,
https://in.puma.com/in/en/pd/caven-2-0-seeing-double-sneakers/397478?swatch=01,"Caven 2.0 Seeing Double Sneakers, -30%",Puma,₹0,
https://in.puma.com/in/en/pd/cruise-rider-silk-road-womens-sneakers/398107?swatch=01,"Cruise Rider Silk Road Women's Sneakers, -25%",Puma,₹0,
https://in.puma.com/in/en/pd/ceres-womens-slides/394629?swatch=01,"2 Colors, Ceres Women's Slides, -35%",Puma,₹0,
https://in.puma.com/in/en/pd/badminton-smash-sprint-indoor-sports-shoes/108127?swatch=01,"3 Colors, Badminton Smash Sprint Indoor Sports Shoes, -45%",Puma,₹0,
https://in.puma.com/in/en/pd/shibusa-slides/401278?swatch=05,"2 Colors, Shibusa Slides",Puma,₹0,
https://in.puma.com/in/en/pd/wave-flip-flops/390142?swatch=13,"6 Colors, Wave Flip-Flops, -42%",Puma,₹0,
https://in.puma.com/in/en/pd/majesty-leather-sneakers/312617?swatch=03,"3 Colors, Majesty Leather Sneakers, -40%",Puma,₹0,
https://in.puma.com/in/en/pd/pwr-hybrid-womens-training-shoes/310477?swatch=08,"2 Colors, PWR Hybrid Women's Training Shoes, -25%",Puma,₹0,
https://in.puma.com/in/en/pd/palermo-vintage-sneakers/396841?swatch=05,"2 Colors, Palermo Vintage Sneakers",Puma,₹0,
https://in.puma.com/in/en/pd/mostro-spikes-sneakers/403818?swatch=01,"Mostro Spikes Sneakers, -25%",Puma,₹0,
https://in.puma.com/in/en/pd/x-ray-2-square-retro-style-sneakers/402200?swatch=13,"5 Colors, X-Ray 2 Square Retro Style Sneakers, -47%",Puma,₹0,
https://in.puma.com/in/en/pd/ultra-5-ultimate-fg-football-boots/107683?swatch=02,"4 Colors, ULTRA 5 ULTIMATE FG Football Boots, -20%",Puma,₹0,
https://in.puma.com/in/en/pd/scend-progressive-running-shoes/310097?swatch=02,"Scend Progressive Running Shoes, -10%",Puma,₹0,
https://in.puma.com/in/en/pd/bruten-womens-sneakers/381385?swatch=02,"Bruten Women's Sneakers, -56%",Puma,₹0,
https://in.puma.com/in/en/pd/wild-rider-rollin-sneakers/381517?swatch=04,"Wild Rider Rollin' Sneakers, -48%",Puma,₹0,
https://in.puma.com/in/en/pd/tori-pixie-v1-womens-all-day-comfort-sneakers/403958?swatch=01,"Tori Pixie V1 Women's All-day Comfort Sneakers, -25%",Puma,₹0,
https://in.puma.com/in/en/pd/softride-sophia-2-womens-slip-on-shoes/311886?swatch=03,"4 Colors, Softride Sophia 2 Women's Slip-On Shoes, -20%",Puma,₹0,
https://in.puma.com/in/en/pd/speedcat-plus-quilted-sneakers/403429?swatch=03,"2 Colors, Speedcat Plus Quilted Sneakers, -25%, SPECIAL PRICE",Puma,₹0,
https://in.puma.com/in/en/pd/bmw-m-motorsport-drift-cat-delta-sneakers/306874?swatch=01,"BMW M Motorsport Drift Cat Delta Sneakers, -50%",Puma,₹0,
https://in.puma.com/in/en/pd/palermo-sneakers/396463?swatch=22,"5 Colors, Palermo Sneakers",Puma,₹0,
https://in.puma.com/in/en/pd/bowling-24-1-cricket-shoes/107697?swatch=01,"2 Colors, Bowling 24.1 Cricket Shoes, -20%",Puma,₹0,
https://in.puma.com/in/en/pd/softride-premier-ombre-running-shoes/311848?swatch=01,"Softride Premier Ombre Running Shoes, -20%",Puma,₹0,
https://in.puma.com/in/en/pd/softride-symmetry-running-shoes/311885?swatch=01,"Softride Symmetry Running Shoes, -20%",Puma,₹0,
https://in.puma.com/in/en/pd/fenty-x-puma-avanti-l-sneakers/398352?swatch=03,"3 Colors, FENTY x PUMA AVANTI L Sneakers, FLASH SALE",Puma,₹0,
https://in.puma.com/in/en/pd/voyage-nitro-3-womens-running-shoes/377746?swatch=04,Voyage NITRO™ 3 Women's Running Shoes,Puma,₹0,
https://in.puma.com/in/en/pd/royalcat-comfort-softride-womens-slides/396711?swatch=01,"2 Colors, Royalcat Comfort SOFTRIDE Women's Slides, -30%",Puma,₹0,
https://in.puma.com/in/en/pd/accelerate-pro-4-multi-traction-indoor-badminton-shoes/108442?swatch=01,"2 Colors, Accelerate Pro 4 Multi-Traction Indoor Badminton Shoes",Puma,₹0,
https://in.puma.com/in/en/pd/deviate-nitro-2-womens-running-shoes/376855?swatch=22,"2 Colors, Deviate NITRO™ 2 Women's Running Shoes, -25%",Puma,₹0,
https://in.puma.com/in/en/pd/palermo-vintage-sneakers/396841?swatch=01,"2 Colors, Palermo Vintage Sneakers",Puma,₹0,
https://in.puma.com/in/en/pd/nrgy-comet-running-shoes/190556?swatch=06,"NRGY Comet Running Shoes, -58%",Puma,₹0,
https://in.puma.com/in/en/pd/ragegryp-womens-running-shoes/310886?swatch=04,"2 Colors, Ragegryp Women's Running Shoes",Puma,₹0,
https://in.puma.com/in/en/pd/darter-pro-iridescent-womens-running-shoes/310938?swatch=01,"Darter Pro Iridescent Women's Running Shoes, -35%",Puma,₹0,
https://in.puma.com/in/en/pd/mayra-womens-sneakers/392316?swatch=03,"Mayra Women's Sneakers, -25%",Puma,₹0,
https://in.puma.com/in/en/pd/court-shatter-low-sneakers/399844?swatch=06,"5 Colors, Court Shatter Low Sneakers, -45%",Puma,₹0,
https://in.puma.com/in/en/pd/inhale-urban-explorer-lightweight-sneakers/402879?swatch=01,"Inhale Urban Explorer Lightweight Sneakers, -20%",Puma,₹0,
https://in.puma.com/in/en/pd/pwrframe-op-1-abstract-sneakers/382649?swatch=02,"2 Colors, PWRFRAME OP-1 Abstract Sneakers, -48%",Puma,₹0,
https://in.puma.com/in/en/pd/ceres-womens-slides/394629?swatch=02,"2 Colors, Ceres Women's Slides, -10%",Puma,₹0,
https://in.puma.com/in/en/pd/deviate-nitro-womens-running-shoes/194453?swatch=02,"2 Colors, Deviate Nitro Women's Running Shoes, -20%",Puma,₹0,
https://in.puma.com/in/en/pd/kendall-womens-sneakers/381392?swatch=06,"Kendall Women's Sneakers, -48%",Puma,₹0,
https://in.puma.com/in/en/pd/suede-xl-sneakers/395205?swatch=03,"2 Colors, Suede XL Sneakers, Free Laces",Puma,₹0,
https://in.puma.com/in/en/pd/deviate-nitro-2-wtrepel-womens-trail-running-shoes/379135?swatch=02,"Deviate NITRO 2 WTRepel Women's Trail Running Shoes, -10%",Puma,₹0,
https://in.puma.com/in/en/pd/future-7-ultimate-fg-ag-football-boots/107916?swatch=02,"2 Colors, FUTURE 7 ULTIMATE FG/AG Football Boots, -20%",Puma,₹0,
https://in.puma.com/in/en/pd/bowling-24-1-cricket-shoes/107697?swatch=02,"2 Colors, Bowling 24.1 Cricket Shoes, -20%",Puma,₹0,
https://in.puma.com/in/en/pd/royalcat-memory-foam-womens-slides/396060?swatch=01,Royalcat Memory Foam Women's Slides,Puma,₹0,
https://in.puma.com/in/en/pd/f1-speedcat-vegas-motorsport-shoes/309311?swatch=01,"F1 Speedcat Vegas Motorsport Shoes, -25%",Puma,₹0,
https://in.puma.com/in/en/pd/pacific-maze-womens-sneakers/375499?swatch=11,"Pacific Maze Women's Sneakers, -45%",Puma,₹0,
https://in.puma.com/in/en/pd/foreverrun-nitro-womens-running-shoes/377758?swatch=05,"6 Colors, ForeverRun NITRO™ Women's Running Shoes, -20%",Puma,₹0,
https://in.puma.com/in/en/pd/palermo-sneakers/396463?swatch=20,"5 Colors, Palermo Sneakers",Puma,₹0,
https://in.puma.com/in/en/pd/rs-z-bp-sneakers/382650?swatch=01,"RS-Z BP Sneakers, -48%",Puma,₹0,
https://in.puma.com/in/en/pd/solarflash-iii-indoor-sports-shoes/107850?swatch=06,"3 Colors, Solarflash III Indoor Sports Shoes, -20%",Puma,₹0,
https://in.puma.com/in/en/pd/meza-running-shoes/312044?swatch=02,"Meza Running Shoes, -20%",Puma,₹0,
https://in.puma.com/in/en/pd/flyer-runner-engineered-knit-womens-shoes/379994?swatch=02,"Flyer Runner Engineered Knit Women's Shoes, -48%",Puma,₹0,
https://in.puma.com/in/en/pd/softride-symmetry-fuzion-running-shoes/311890?swatch=02,"2 Colors, Softride Symmetry Fuzion Running Shoes",Puma,₹0,
https://in.puma.com/in/en/pd/hypnotic-sneakers/402210?swatch=04,"Hypnotic Sneakers, -20%",Puma,₹0,
https://in.puma.com/in/en/pd/arizona-retro-premium-suede-sneakers/402353?swatch=02,"4 Colors, Arizona Retro Premium Suede Sneakers, -10%",Puma,₹0,
https://in.puma.com/in/en/pd/hyperglide-x-fusionlite-everyday-running-shoes/311813?swatch=03,"Hyperglide X FusionLite Everyday Running Shoes, -54%, stable-grip",Puma,₹0,
https://in.puma.com/in/en/pd/velocity-nitro-2-womens-running-shoes/376262?swatch=15,"7 Colors, Velocity NITRO™ 2 Women's Running Shoes, -25%",Puma,₹0,
https://in.puma.com/in/en/pd/deviate-nitro-2-womens-running-shoes/376855?swatch=17,"2 Colors, Deviate NITRO™ 2 Women's Running Shoes, -25%",Puma,₹0,
https://in.puma.com/in/en/pd/slipstream-bball-sneakers/404692?swatch=03,"2 Colors, Slipstream Bball Sneakers, -20%",Puma,₹0,
https://in.puma.com/in/en/pd/hypnotic-all-day-comfort-sneakers/395235?swatch=12,"Hypnotic All-Day Comfort Sneakers, -48%",Puma,₹0,
https://in.puma.com/in/en/pd/scuderia-ferrari-tune-cat-motorsport-driving-shoes/308058?swatch=04,"Scuderia Ferrari Tune Cat Motorsport Driving Shoes, -48%",Puma,₹0,
https://in.puma.com/in/en/pd/shibusa-slides/401278?swatch=06,"2 Colors, Shibusa Slides",Puma,₹0,
https://in.puma.com/in/en/pd/palermo-moda-elevated-womens-sneakers/398527?swatch=02,Palermo Moda Elevated Women's Sneakers,Puma,₹0,
https://in.puma.com/in/en/pd/mid-distance-nitro-elite-3-running-spikes-shoes/311855?swatch=01,Mid Distance NITRO™ Elite 3 Running Spikes Shoes,Puma,₹0,
https://in.puma.com/in/en/pd/profoam-womens-running-shoes/312790?swatch=01,"2 Colors, ProFoam Women's Running Shoes, -52%",Puma,₹0,
https://in.puma.com/in/en/pd/ultra-5-ultimate-fg-football-boots/107683?swatch=03,"4 Colors, ULTRA 5 ULTIMATE FG Football Boots, -20%",Puma,₹0,
https://in.puma.com/in/en/pd/silvia-womens-flip-flops/391269?swatch=03,"2 Colors, Silvia Women's Flip-Flops, -10%",Puma,₹0,
https://in.puma.com/in/en/pd/foreverrun-nitro-womens-running-shoes/377758?swatch=01,"6 Colors, ForeverRun NITRO™ Women's Running Shoes, -10%",Puma,₹0,
https://in.puma.com/in/en/pd/palermo-citrus-sneakers/398381?swatch=01,Palermo Citrus Sneakers,Puma,₹0,
https://in.puma.com/in/en/pd/wave-womens-flip-flops/395845?swatch=01,"3 Colors, Wave Women's Flip-Flops, -42%",Puma,₹0,
https://in.puma.com/in/en/pd/softride-rift-swift-kicks-womens-running-shoes/310923?swatch=02,"Softride Rift Swift Kicks Women's Running Shoes, -20%",Puma,₹0,
https://in.puma.com/in/en/pd/future-7-ultimate-fg-ag-football-boots/107916?swatch=03,"2 Colors, FUTURE 7 ULTIMATE FG/AG Football Boots, -43%",Puma,₹0,
https://in.puma.com/in/en/pd/x--ray-airflex-womens-sneakers/399810?swatch=02,"3 Colors, X- Ray Airflex Women's Sneakers, -40%",Puma,₹0,
https://in.puma.com/in/en/pd/rs-x-geek-advanced-cushioning-sneakers/402203?swatch=02,"RS-X Geek Advanced Cushioning Sneakers, -20%",Puma,₹0,
https://in.puma.com/in/en/pd/ca-pro-classic-leather-sneakers/402538?swatch=06,"4 Colors, CA Pro Classic Leather Sneakers, -25%",Puma,₹0,
https://in.puma.com/in/en/pd/skyrocket-lite-engineered-running-shoes/310100?swatch=07,Skyrocket Lite Engineered Running Shoes,Puma,₹0,
https://in.puma.com/in/en/pd/velocity-nitro-3-womens-running-shoes/309702?swatch=01,"Velocity NITRO™ 3 Women's Running Shoes, -10%",Puma,₹0,
https://in.puma.com/in/en/pd/softride-premier-glideknit-walking-shoes/312706?swatch=05,"3 Colors, Softride Premier GlideKnit Walking Shoes, -25%",Puma,₹0,
https://in.puma.com/in/en/pd/puma-x-harry-potter-palermo-2-leather-tongue-sneakers/405996?swatch=01,PUMA X HARRY POTTER Palermo 2 Leather Tongue Sneakers,Puma,₹0,
https://in.puma.com/in/en/pd/ultra-5-ultimate-fg-football-boots/107683?swatch=01,"4 Colors, ULTRA 5 ULTIMATE FG Football Boots, -20%",Puma,₹0,
https://in.puma.com/in/en/pd/pwrframe-op-1-abstract-sneakers/382649?swatch=01,"2 Colors, PWRFRAME OP-1 Abstract Sneakers, -48%",Puma,₹0,
https://in.puma.com/in/en/pd/velocity-nitro-2-womens-running-shoes/376262?swatch=20,"7 Colors, Velocity NITRO™ 2 Women's Running Shoes, -25%",Puma,₹0,
https://in.puma.com/in/en/pd/softride-symmetry-fuzion-running-shoes/311890?swatch=01,"2 Colors, Softride Symmetry Fuzion Running Shoes",Puma,₹0,
https://in.puma.com/in/en/pd/palermo-classic-comfort-low-boot-sneakers/402693?swatch=09,"4 Colors, Palermo Classic Comfort Low Boot Sneakers, -25%, SPECIAL PRICE",Puma,₹0,
https://in.puma.com/in/en/pd/x-ray-2-square-womens-superior-comfort-sneakers/404686?swatch=02,"2 Colors, X-Ray 2 Square Women’s Superior Comfort Sneakers, -47%",Puma,₹0,
https://in.puma.com/in/en/pd/ca-pro-mid-sneakers/386759?swatch=01,"Ca Pro Mid Sneakers, -49%",Puma,₹0,
https://in.puma.com/in/en/pd/x-ray-2-square-womens-superior-comfort-sneakers/404686?swatch=01,"2 Colors, X-Ray 2 Square Women’s Superior Comfort Sneakers, -47%",Puma,₹0,
https://in.puma.com/in/en/pd/king-ultimate-fg-ag-womens-football-boots/107869?swatch=02,"KING ULTIMATE FG/AG Women's Football Boots, -43%",Puma,₹0,
https://in.puma.com/in/en/pd/softride-enzo-evo-womens-lightweight-running-shoes/312084?swatch=01,"4 Colors, Softride Enzo Evo Women's Lightweight Running Shoes, -25%",Puma,₹0,
https://in.puma.com/in/en/pd/velocity-nitro-2-womens-running-shoes/376262?swatch=19,"7 Colors, Velocity NITRO™ 2 Women's Running Shoes, -25%",Puma,₹0,
https://in.puma.com/in/en/pd/softride-enzo-evo-running-shoes/312074?swatch=03,"4 Colors, Softride Enzo Evo Running Shoes, -25%",Puma,₹0,
https://in.puma.com/in/en/pd/palermo-lth-sneakers/396464?swatch=15,"2 Colors, Palermo Lth Sneakers",Puma,₹0,
https://in.puma.com/in/en/pd/velocity-nitro-2-gore-tex-womens-trail-running-shoes/377508?swatch=04,"2 Colors, Velocity NITRO™ 2 GORE-TEX® Women's Trail Running Shoes, -25%",Puma,₹0,
https://in.puma.com/in/en/pd/softride-sophia-2-womens-slip-on-shoes/311886?swatch=02,"4 Colors, Softride Sophia 2 Women's Slip-On Shoes, -25%",Puma,₹0,
https://in.puma.com/in/en/pd/palermo-sneakers/396463?swatch=42,"5 Colors, Palermo Sneakers",Puma,₹0,
https://in.puma.com/in/en/pd/electrify-nitro-3-womens-running-shoes/378456?swatch=16,"3 Colors, Electrify NITRO™ 3 Women's Running Shoes, -10%",Puma,₹0,
https://in.puma.com/in/en/pd/easy-rider-vintage-womens-sneakers/400773?swatch=11,"Easy Rider Vintage Women's Sneakers, -25%, Free Laces",Puma,₹0,
https://in.puma.com/in/en/pd/fast-trac-apex-nitro-womens-running-shoes/378551?swatch=04,"Fast-Trac Apex NITRO™ Women's Running Shoes, -20%",Puma,₹0,
https://in.puma.com/in/en/pd/pwr-xx-nitro-luxe-womens-training-shoes/377892?swatch=08,"PWR XX NITRO™ Luxe Women's Training Shoes, -10%",Puma,₹0,
https://in.puma.com/in/en/pd/ultra-5-play-it-indoor-court-shoes/107907?swatch=03,"2 Colors, ULTRA 5 PLAY IT Indoor Court Shoes, -15%",Puma,₹0,
https://in.puma.com/in/en/pd/skyrocket-lite-engineered-res-running-shoes/311883?swatch=05,Skyrocket Lite Engineered Res Running Shoes,Puma,₹0,
https://in.puma.com/in/en/pd/harrow-womens-sneakers/391515?swatch=02,"Harrow Women's Sneakers, -20%",Puma,₹0,
https://in.puma.com/in/en/pd/liberate-nitro-2-womens-running-shoes/377316?swatch=01,"Liberate NITRO™ 2 Women's Running Shoes, -20%",Puma,₹0,
https://in.puma.com/in/en/pd/spike-24-2-ultralight-cricket-shoes/107698?swatch=01,"Spike 24.2 Ultralight Cricket Shoes, -20%",Puma,₹0,
https://in.puma.com/in/en/pd/puma-hoops-x-lafrance-amour-sneakers/310439?swatch=03,"PUMA HOOPS x LAFRANCÉ Amour Sneakers, -25%",Puma,₹0,
https://in.puma.com/in/en/pd/exoteric-womens-running-shoes/311131?swatch=02,"Exoteric Women's Running Shoes, -10%",Puma,₹0,
https://in.puma.com/in/en/pd/fast-r-nitro-elite-3-womens-running-shoes/312061?swatch=01,"2 Colors, FAST-R NITRO™ Elite 3 Women's Running Shoes",Puma,₹0,
https://in.puma.com/in/en/pd/velocity-nitro-3-womens-running-shoes/379610?swatch=01,Velocity NITRO™ 3 Women's Running Shoes,Puma,₹0,
https://in.puma.com/in/en/pd/court-classic-lux-sneakers/404703?swatch=03,"2 Colors, Court Classic Lux Sneakers, -25%",Puma,₹0,
https://in.puma.com/in/en/pd/palermo-supertifo-sneakers/404700?swatch=01,"2 Colors, Palermo Supertifo Sneakers, -25%, SPECIAL PRICE",Puma,₹0,
https://in.puma.com/in/en/pd/badminton-smash-sprint-indoor-sports-shoes/108127?swatch=04,"3 Colors, Badminton Smash Sprint Indoor Sports Shoes, -45%",Puma,₹0,
https://in.puma.com/in/en/pd/electrify-nitro-4-womens-multi-surface-traction-running-shoes/313362?swatch=01,"2 Colors, Electrify NITRO 4 Women's Multi-Surface Traction Running Shoes",Puma,₹0,
https://in.puma.com/in/en/pd/all-pro-nitro-crowd-craze-basketball-shoes/310387?swatch=01,"All-Pro NITRO™ Crowd Craze Basketball Shoes, -25%",Puma,₹0,
https://in.puma.com/in/en/pd/mayra-womens-sneakers/392316?swatch=02,"Mayra Women's Sneakers, -40%",Puma,₹0,
https://in.puma.com/in/en/pd/retaliate-2-running-shoes/377282?swatch=02,"Retaliate 2 Running Shoes, -50%",Puma,₹0,
https://in.puma.com/in/en/pd/talon-san-san-gear-leather-shoes/404243?swatch=01,Talon San San Gear Leather Shoes,Puma,₹0,
https://in.puma.com/in/en/pd/puma-x-kidsuper-palermo-sneakers/397306?swatch=04,PUMA x KidSuper Palermo Sneakers,Puma,₹0,
https://in.puma.com/in/en/pd/velocity-nitro-2-wildwash-womens-running-shoes/376265?swatch=01,"Velocity Nitro 2 Wildwash Women's Running Shoes, -20%",Puma,₹0,
https://in.puma.com/in/en/pd/easy-rider-mix-sneakers/399025?swatch=04,"2 Colors, Easy Rider Mix Sneakers",Puma,₹0,
https://in.puma.com/in/en/pd/velocity-nitro-3-womens-running-shoes/377749?swatch=08,"3 Colors, Velocity NITRO™ 3 Women's Running Shoes, -10%",Puma,₹0,
https://in.puma.com/in/en/pd/scuderia-ferrari-future-cat-og-motorsport-shoes/307889?swatch=02,Scuderia Ferrari Future Cat OG Motorsport Shoes,Puma,₹0,
https://in.puma.com/in/en/pd/24-fh-rubber-cricket-shoes/107699?swatch=01,"2 Colors, 24 FH Rubber Cricket Shoes, -25%",Puma,₹0,
https://in.puma.com/in/en/pd/v-s2-goalgetter-sneakers/403282?swatch=01,"V-S2 Goalgetter Sneakers, -10%",Puma,₹0,
https://in.puma.com/in/en/pd/cell-thrill-running-shoes/310168?swatch=02,"Cell Thrill Running Shoes, -20%",Puma,₹0,
https://in.puma.com/in/en/pd/velocity-nitro-2-womens-running-shoes/376262?swatch=18,"7 Colors, Velocity NITRO™ 2 Women's Running Shoes, -25%",Puma,₹0,
https://in.puma.com/in/en/pd/future-7-ultimate-fg-ag-womens-football-boots/107917?swatch=03,"FUTURE 7 ULTIMATE FG/AG Women's Football Boots, -40%",Puma,₹0,
https://in.puma.com/in/en/pd/ultra-5-ultimate-fg-womens-football-boots/107691?swatch=03,"ULTRA 5 ULTIMATE FG Women's Football Boots, -50%",Puma,₹0,
https://in.puma.com/in/en/pd/smashic-comfort-casual-sneakers/394371?swatch=07,"4 Colors, Smashic Comfort Casual Sneakers, -25%",Puma,₹0,
https://in.puma.com/in/en/pd/electrify-nitro-3-knit-womens-running-shoes/379085?swatch=02,"Electrify NITRO™ 3 Knit Women's Running Shoes, -25%",Puma,₹0,
https://in.puma.com/in/en/pd/softride-sophia-2-womens-slip-on-shoes/311886?swatch=01,"4 Colors, Softride Sophia 2 Women's Slip-On Shoes, -20%",Puma,₹0,
https://in.puma.com/in/en/pd/foreverrun-nitro-womens-running-shoes/377758?swatch=09,"6 Colors, ForeverRun NITRO™ Women's Running Shoes, -20%",Puma,₹0,
https://in.puma.com/in/en/pd/suede-classic-sneakers/399781?swatch=10,"5 Colors, Suede Classic Sneakers, Free Laces",Puma,₹0,
https://in.puma.com/in/en/pd/future-rider-play-on-sneakers/393473?swatch=26,"2 Colors, Future Rider Play On Sneakers, -48%",Puma,₹0,
https://in.puma.com/in/en/pd/velocity-nitro-2-womens-running-shoes/376262?swatch=21,"7 Colors, Velocity NITRO™ 2 Women's Running Shoes, -25%",Puma,₹0,
https://in.puma.com/in/en/pd/all-pro-nitro-superior-cushioning-basketball-shoes/379079?swatch=12,"All-Pro NITRO™ Superior Cushioning Basketball Shoes, -25%",Puma,₹0,
https://in.puma.com/in/en/pd/flamecrest-womens-slip-on-shoes/399419?swatch=01,"2 Colors, Flamecrest Women's Slip-On Shoes",Puma,₹0,
https://in.puma.com/in/en/pd/play-loud-suede-xl-sneakers/399777?swatch=01,"PLAY LOUD Suede XL Sneakers, -49%",Puma,₹0,
https://in.puma.com/in/en/pd/ca-pro-classic-leather-sneakers/402538?swatch=02,"4 Colors, CA Pro Classic Leather Sneakers, -25%",Puma,₹0,
https://in.puma.com/in/en/pd/easy-rider-mesh-retro-sneakers/399662?swatch=02,"2 Colors, Easy Rider Mesh Retro Sneakers, -10%",Puma,₹0,
https://in.puma.com/in/en/pd/ultra-5-ultimate-fg-football-boots/107683?swatch=04,"4 Colors, ULTRA 5 ULTIMATE FG Football Boots, -50%",Puma,₹0,
https://in.puma.com/in/en/pd/easy-rider-vintage-everyday-comfort-sneakers/399028?swatch=03,"4 Colors, Easy Rider Vintage Everyday Comfort Sneakers, -20%, Free Laces",Puma,₹0,
https://in.puma.com/in/en/pd/foreverrun-nitro-womens-running-shoes/377758?swatch=22,"6 Colors, ForeverRun NITRO™ Women's Running Shoes, -20%",Puma,₹0,
https://in.puma.com/in/en/pd/accelerate-nitro-sqd-4-energy-indoor-shoes/108564?swatch=01,Accelerate NITRO™ SQD 4 ENERGY Indoor Shoes,Puma,₹0,
https://in.puma.com/in/en/pd/darter-pro-fade-instant-cushioning-running-shoes/310476?swatch=01,"2 Colors, Darter Pro Fade Instant Cushioning Running Shoes, -25%",Puma,₹0,
https://in.puma.com/in/en/pd/puma-x-first-mile-velocity-nitro-2-womens-running-shoes/377292?swatch=02,"PUMA x FIRST MILE Velocity NITRO™ 2 Women's Running Shoes, -20%",Puma,₹0,
https://in.puma.com/in/en/pd/foreverrun-nitro-wtr-womens-running-shoes/378473?swatch=01,"ForeverRun NITRO™ WTR Women's Running Shoes, -10%",Puma,₹0,
https://in.puma.com/in/en/pd/electrify-nitro-3-womens-running-shoes/310488?swatch=01,"Electrify NITRO™ 3 Women's Running Shoes, -25%",Puma,₹0,
https://in.puma.com/in/en/pd/pwr-nitro-sqd-2-training-shoes/310150?swatch=03,"3 Colors, PWR NITRO™ SQD 2 Training Shoes, -10%",Puma,₹0,
https://in.puma.com/in/en/pd/ca-pro-classic-leather-sneakers/402538?swatch=10,"4 Colors, CA Pro Classic Leather Sneakers, -25%",Puma,₹0,
https://in.puma.com/in/en/pd/easy-rider-leather-sneakers/399029?swatch=02,"Easy Rider Leather Sneakers, -20%",Puma,₹0,
https://in.puma.com/in/en/pd/conduct-pro-womens-running-shoes/310315?swatch=13,"2 Colors, Conduct Pro Women's Running Shoes, -25%",Puma,₹0,
https://in.puma.com/in/en/pd/palermo-supertifo-sneakers/404700?swatch=02,"2 Colors, Palermo Supertifo Sneakers, -25%, SPECIAL PRICE",Puma,₹0,
https://in.puma.com/in/en/pd/arizona-euro-womens-mesh-suede-sneakers/403782?swatch=02,"Arizona EURO Women's Mesh Suede Sneakers, -30%, Free Laces",Puma,₹0,
https://in.puma.com/in/en/pd/ultra-5-play-fg-ag-football-boots/107689?swatch=03,"ULTRA 5 PLAY FG/AG Football Boots, -40%",Puma,₹0,
https://in.puma.com/in/en/pd/blktop-rider-neo-vintage-sneakers/393151?swatch=03,"Blktop Rider Neo Vintage Sneakers, -45%, Unisex",Puma,₹0,
https://in.puma.com/in/en/pd/scuderia-ferrari-rs-x-mid-motorsport-sneakers/307959?swatch=03,"Scuderia Ferrari RS-X Mid Motorsport Sneakers, -25%",Puma,₹0,
https://in.puma.com/in/en/pd/velocity-nitro-3-womens-running-shoes/377749?swatch=15,"3 Colors, Velocity NITRO™ 3 Women's Running Shoes, -20%",Puma,₹0,
https://in.puma.com/in/en/pd/conduct-pro-womens-running-shoes/310315?swatch=12,"2 Colors, Conduct Pro Women's Running Shoes, -25%",Puma,₹0,
https://in.puma.com/in/en/pd/puma-x-ray-slimmic-metallic-womens-sneakers/394651?swatch=01,"PUMA X-Ray Slimmic Metallic Women's Sneakers, -35%",Puma,₹0,
https://in.puma.com/in/en/pd/king-ultimate-fg-ag-football-boots/107809?swatch=03,"KING ULTIMATE FG/AG Football Boots, -30%",Puma,₹0,
https://in.puma.com/in/en/pd/velocity-nitro-2-fade-womens-running-shoes/378527?swatch=03,"2 Colors, Velocity NITRO™ 2 Fade Women's Running Shoes, -25%",Puma,₹0,
https://in.puma.com/in/en/pd/puma-x-ray-slimmic-womens-sneakers/391861?swatch=02,"Puma X-Ray Slimmic Women's Sneakers, -20%",Puma,₹0,
https://in.puma.com/in/en/pd/pwr-nitro-sqd-womens-training-shoes/378688?swatch=02,"PWR NITRO™ SQD Women's Training Shoes, -10%",Puma,₹0,
https://in.puma.com/in/en/pd/darter-pro-fade-womens-extreme-lightweight-running-shoes/312091?swatch=02,"Darter Pro Fade Womens Extreme Lightweight Running Shoes, -25%",Puma,₹0,
https://in.puma.com/in/en/pd/rs-x-efekt-premium-athletics-sneakers/398203?swatch=01,"RS-X Efekt Premium Athletics Sneakers, -48%",Puma,₹0,
https://in.puma.com/in/en/pd/softride-enzo-evo-womens-lightweight-running-shoes/312084?swatch=02,"4 Colors, Softride Enzo Evo Women's Lightweight Running Shoes, -25%",Puma,₹0,
https://in.puma.com/in/en/pd/suzzana-slip-v1-womens-flip-flops/388818?swatch=04,"Suzzana Slip V1 Women's Flip-Flops, -45%",Puma,₹0,
https://in.puma.com/in/en/pd/rs-x-heritage-sneakers/398210?swatch=02,"2 Colors, RS-X Heritage Sneakers, -40%, Most Favorited",Puma,₹0,
https://in.puma.com/in/en/pd/royalcat-softride-lumina-womens-flip-flops/399420?swatch=02,"2 Colors, Royalcat Softride Lumina Women's Flip-Flops, -10%",Puma,₹0,
https://in.puma.com/in/en/pd/future-rider-play-on-sneakers/371149?swatch=25,"Future Rider Play On Sneakers, -35%",Puma,₹0,
https://in.puma.com/in/en/pd/ultra-5-match-tt-football-boots/107892?swatch=01,"ULTRA 5 MATCH TT Football Boots, -10%",Puma,₹0,
https://in.puma.com/in/en/pd/kosmo-rider-v1-womens-sneakers/397169?swatch=03,"KOSMO RIDER V1 Women's Sneakers, -25%",Puma,₹0,
https://in.puma.com/in/en/pd/velocity-nitro-2-fade-womens-running-shoes/378527?swatch=01,"2 Colors, Velocity NITRO™ 2 Fade Women's Running Shoes, -25%",Puma,₹0,
https://in.puma.com/in/en/pd/24-fh-rubber-cricket-shoes/107699?swatch=04,"2 Colors, 24 FH Rubber Cricket Shoes, -25%",Puma,₹0,
https://in.puma.com/in/en/pd/rs-x-heritage-sneakers/398210?swatch=06,"2 Colors, RS-X Heritage Sneakers, -35%, Most Favorited",Puma,₹0,
https://in.puma.com/in/en/pd/easy-rider-mesh-retro-sneakers/399662?swatch=01,"2 Colors, Easy Rider Mesh Retro Sneakers, -10%",Puma,₹0,
https://in.puma.com/in/en/pd/future-rider-play-on-sneakers/393473?swatch=24,"2 Colors, Future Rider Play On Sneakers, -48%",Puma,₹0,
https://in.puma.com/in/en/pd/velocity-nitro-3-womens-running-shoes/377749?swatch=09,"3 Colors, Velocity NITRO™ 3 Women's Running Shoes, -20%",Puma,₹0,
https://in.puma.com/in/en/pd/pwr-nitro-sqd-2-training-shoes/310150?swatch=01,"3 Colors, PWR NITRO™ SQD 2 Training Shoes, -25%",Puma,₹0,
https://in.puma.com/in/en/pd/bmw-m-motorsport-rs-x-sneakers/308933?swatch=02,"BMW M Motorsport RS-X Sneakers, -20%",Puma,₹0,
https://in.puma.com/in/en/pd/road-rider-suede-sneakers/397377?swatch=21,"Road Rider Suede Sneakers, -48%",Puma,₹0,
https://in.puma.com/in/en/pd/darter-pro-fade-instant-cushioning-running-shoes/310476?swatch=03,"2 Colors, Darter Pro Fade Instant Cushioning Running Shoes, -25%",Puma,₹0,
https://in.puma.com/in/en/pd/ultra-5-play-it-indoor-court-shoes/107907?swatch=01,"2 Colors, ULTRA 5 PLAY IT Indoor Court Shoes, -20%",Puma,₹0,
https://in.puma.com/in/en/pd/all-pro-nitro-media-day-basketball-shoes/310395?swatch=01,"All-Pro NITRO™ Media Day Basketball Shoes, -25%",Puma,₹0,
https://in.puma.com/in/en/pd/future-rider-play-on-sneakers/393473?swatch=23,"2 Colors, Future Rider Play On Sneakers, -48%",Puma,₹0,
https://in.puma.com/in/en/pd/rs-z-re-gen-sneakers/381693?swatch=01,"RS-Z RE.GEN Sneakers, -48%",Puma,₹0,
https://in.puma.com/in/en/pd/velocity-nitro-3-womens-running-shoes/380081?swatch=01,"Velocity NITRO™ 3 Women's Running Shoes, -20%",Puma,₹0,
https://in.puma.com/in/en/pd/deviate-nitro-2-marathon-series-womens-running-shoes/378684?swatch=01,"Deviate NITRO™ 2 'Marathon Series' Women's Running Shoes, -20%",Puma,₹0,
https://in.puma.com/in/en/pd/conduct-pro-running-shoes/379438?swatch=10,"Conduct Pro Running Shoes, -25%",Puma,₹0,
https://in.puma.com/in/en/pd/bmw-m-motorsport-caven-2-0-sneakers/308493?swatch=02,"BMW M Motorsport Caven 2.0 Sneakers, -25%",Puma,₹0,
https://in.puma.com/in/en/pd/bmw-m-motorsport-tune-cat-driving-shoes/308039?swatch=04,"BMW M Motorsport Tune Cat Driving Shoes, -57%",Puma,₹0,
https://in.puma.com/in/en/pd/blktop-rider-preppy-sneakers/395875?swatch=06,"Blktop Rider Preppy Sneakers, -45%",Puma,₹0,
https://in.puma.com/in/en/pd/future-7-ultimate-camo-fg-ag-football-boots/108184?swatch=01,"FUTURE 7 ULTIMATE CAMO FG/AG Football Boots, -49%",Puma,₹0,
https://in.puma.com/in/en/pd/tori-pixie-femme-womens-casual-sneakers/404564?swatch=02,"3 Colors, Tori Pixie Femme Women's Casual Sneakers",Puma,₹0,
https://in.puma.com/in/en/pd/scuderia-ferrari-rs-x-sneakers/307818?swatch=04,"Scuderia Ferrari RS-X Sneakers, -50%",Puma,₹0,
https://in.puma.com/in/en/pd/puma-x-squid-game-easy-rider-comfort-sneakers/403643?swatch=01,"PUMA x Squid Game Easy Rider Comfort Sneakers, -10%, with-charms",Puma,₹0,
https://in.puma.com/in/en/pd/deviate-nitro-3-ekiden-womens-running-shoes/313423?swatch=01,Deviate NITRO™ 3 Ekiden Women's Running Shoes,Puma,₹0,
https://in.puma.com/in/en/pd/flyumph-womens-sneakers/394643?swatch=01,"Flyumph Women's Sneakers, -25%",Puma,₹0,
https://in.puma.com/in/en/pd/palermo-elevata-womens-leather-sneakers/400461?swatch=02,"3 Colors, Palermo Elevata Women's Leather Sneakers",Puma,₹0,
https://in.puma.com/in/en/pd/deviate-nitro-elite-3-ekiden-womens-running-shoes/313421?swatch=01,Deviate NITRO™ Elite 3 Ekiden Women's Running Shoes,Puma,₹0,
https://in.puma.com/in/en/pd/mostro-ecstasy-unisex-slip-on-shoes/397328?swatch=07,"2 Colors, Mostro Ecstasy Unisex Slip-On Shoes",Puma,₹0,
https://in.puma.com/in/en/pd/puma-x-heliot-emil-deviate-nitro-fusion-shoes/401196?swatch=01,PUMA x HELIOT EMIL Deviate NITRO™ Fusion Shoes,Puma,₹0,
https://in.puma.com/in/en/pd/mostro-ecstasy-unisex-slip-on-shoes/397328?swatch=08,"2 Colors, Mostro Ecstasy Unisex Slip-On Shoes",Puma,₹0,
https://in.puma.com/in/en/pd/teveris-nitro-pastel-sneakers/396864?swatch=02,Teveris NITRO Pastel Sneakers,Puma,₹0,
https://in.puma.com/in/en/pd/fast-r-nitroelite-3-saysky-womens-running-shoes/312319?swatch=01,Fast-R NITRO™Elite 3 Saysky Women's Running Shoes,Puma,₹0,
https://in.puma.com/in/en/pd/king-pro-fg-ag-football-boots/107862?swatch=03,"KING PRO FG/AG Football Boots, -20%",Puma,₹0,
https://in.puma.com/in/en/pd/x-ray-speed-lite-sd-sneakers/397828?swatch=03,X-Ray Speed Lite SD Sneakers,Puma,₹0,
https://in.puma.com/in/en/pd/ca-pro-sport-mix-sneakers/393445?swatch=02,"CA Pro Sport Mix Sneakers, -20%",Puma,₹0,
https://in.puma.com/in/en/pd/voltaire-hike-sneakers/393227?swatch=01,Voltaire Hike Sneakers,Puma,₹0,
https://in.puma.com/in/en/pd/pacer-23-sneakers/392319?swatch=10,"Pacer 23 Sneakers, -20%",Puma,₹0,
https://in.puma.com/in/en/pd/maka-womens-sneakers/390938?swatch=02,"Maka Women's Sneakers, -20%",Puma,₹0,
https://in.puma.com/in/en/pd/rs-x-efekt-chunky-style-sneakers/390755?swatch=01,"RS-X Efekt Chunky Style Sneakers, -50%",Puma,₹0,
https://in.puma.com/in/en/pd/carina-street-womens-sneakers/389390?swatch=05,"Carina Street Women's Sneakers, -20%",Puma,₹0,
https://in.puma.com/in/en/pd/blaze-of-glory-unisex-sneakers/387575?swatch=01,"Blaze of Glory Unisex Sneakers, -20%",Puma,₹0,
https://in.puma.com/in/en/pd/x-cell-action-running-shoes/378301?swatch=23,"X-Cell Action Running Shoes, -48%",Puma,₹0,
https://in.puma.com/in/en/pd/rise-nitro-basketball-shoes/377012?swatch=12,"Rise NITRO Basketball Shoes, -20%",Puma,₹0,
https://in.puma.com/in/en/pd/fast-r-nitro-elite-3-womens-running-shoes/312061?swatch=03,"2 Colors, FAST-R NITRO™ Elite 3 Women's Running Shoes",Puma,₹0,
https://in.puma.com/in/en/pd/softride-sophia-2-womens-running-shoes/311884?swatch=04,"Softride Sophia 2 Women's Running Shoes, -20%",Puma,₹0,
https://in.puma.com/in/en/pd/ferrari-ca-pro-leather-sneakers/309283?swatch=02,"2 Colors, Ferrari CA Pro Leather Sneakers, -20%",Puma,₹0,
https://in.puma.com/in/en/pd/pressing-iv-indoor-court-shoes/107419?swatch=01,"PRESSING IV Indoor Court Shoes, -20%",Puma,₹0,
https://in.puma.com/in/en/pd/king-21-it-indoor-court-shoes/106696?swatch=11,KING 21 IT Indoor Court Shoes,Puma,₹0,
